English,Vietnamese,Tactics in English,Chiến Pháp,mangtheo,kethua,mangtheo2
,SP Hoàng Phổ Tung,,Chỉnh Đốn Quân Ngũ,"[Chỉ huy] Trong chiến đấu, các hiệp số lẻ, khiến sát thân bản thân chịu phải giảm 12.5%→25% (chịu ảnh hưởng thuộc tính cao nhất của bản thân); Trong các hiệp số chẵn, Thống Soái và Trí Lực bản thân tăng 15→30 điểm","[Bị động] Trong hiệp đầu, khiến sát thương chịu phải toàn thể quân ta giảm 19.5%→39% (Chịu ảnh hưởng bởi thuộc tính cao nhất của bản thân, khi bản thân là Tướng Chính, chỉ số cơ bản tăng 21%→42%); Mỗi hiệp bản thân có 20%→40% xác suất (Chịu ảnh hưởng Thống Soái) thanh tẩy trạng thái tiêu cực Tướng Chính phe ta và khiến cho Võ Lực, Trí Lực, Thống Soái tăng 1.5%→3% (Chịu ảnh hưởng Trí Lực, có thể cộng dồn, duy trì 2 hiệp)",Phò Nguy Dẹp Loạn
,SP Trương Lương,,Gió Táp Mưa Sa,"[Chủ động - 50%] Khi phát động ở hiệp là số lẻ, sẽ giúp Thống Soái của toàn quân ta tăng 34→68 điểm (khi có hiệu lực với Võ Tướng Khăn Vàng, bị Mị Lực của Tướng Chính ảnh hưởng), và khiến Võ Tướng phe địch có Mị Lực tháp hơn Tướng Chính quân ta bước vào trạng thái Cấm Trị Liệu, duy trì 2 hiệp; Khi phát động ở hiệp là số chẵn, sẽ giúp sát thương Chiến Pháp Chủ Động và Chiến Pháp Đột Kích mà quân ta phải chịu giảm 12%→24% (khi có hiệu lực với Võ Tướng Khăn Vàng, bị Thống Soái ảnh hưởng), duy trì 2 hiệp","[Chủ động - 40%]  Gây ra cho Võ Tướng phe địch ngẫu nhiên 3-4 lần tấn công Binh Đạo (tỉ lệ sát thương 39%→78%, mỗi lần tăng 6%), từ lần thứ 3 trở đi, sẽ kèm thêm trạng thái Cấm Trị Liệu",Biến Đá Thành Vàng
,SP Trương Bảo,,Gió Táp Mưa Sa,"[Chủ động - 50%] Khi phát động hiệp số lẻ, khiến nhóm quân địch (2 người) Trí Lực giảm 18→36 điểm (chịu ảnh hưởng Trí Lực), duy trì 1 hiệp, và khiến hắn rơi vào trạng thái Thủy Công 2 hiệp (Tỷ lệ sát thương 29%→58%, chịu ảnh hưởng Trí Lực); Khi phát động hiệp số chẵn, khiến số liệu Võ Lực và Trí Lực của một quân địch ngẫu nhiên bị đổi với nhau, duy trì 1 hiệp, và khiến hắn rơi vào trạng thái Bão Cát 2 hiệp (Tỷ lệ sát thương 54%→108%, chịu ảnh hưởng Trí Lực)","[Chủ động - 40%]  Gây ra cho Võ Tướng phe địch ngẫu nhiên 3-4 lần tấn công Binh Đạo (tỉ lệ sát thương 39%→78%, mỗi lần tăng 6%), từ lần thứ 3 trở đi, sẽ kèm thêm trạng thái Cấm Trị Liệu",Bụi Đất Mù Trời
Hua Tuo,Hoa Đà,Antidote,Cắt Xương Trị Độc,"[Chỉ huy] Chiến đấu 4 hiệp đầu, làm cho Tập thể quân ta (2 người) nhận hiệu ứng 20→40Thống Soái (bị Trí Lực ảnh hưởng) và hiệu ứng Cấp Cứu, mỗi lần chịu sát thương có 50% xác suất hồi phục Binh Lực nhất định (tỷ lệ Trị Liệu 44%→88%, bị Trí Lực ảnh hưởng)","[Chủ động - 40%] Xóa trạng thái xấu cho cá thể quân ta có tổn thất Binh Lực nhiều nhất và hồi phục Binh Lực cho mục tiêu (tỷ lệ Trị Liệu 128%→256%, bị Trí Lực ảnh hưởng)",Thanh Nang
Lu Xun,Lục Tốn,Apocalypse,Lửa Cháy Ngùn Ngụt,"[Chủ động - 50%] Phóng cho một quân địch trạng thái Đốt cháy (tỉ lệ sát thương 41%82%, chịu ảnh hưởng của trí lực, khi chính mình là chủ tướng, tỉ lệ sát thương tăng cao 49%→98%), duy trì 3 hiệp, ngẫu nhiên phóng ra 2 lần. Nếu mục tiêu đã có trạng thái Đốt cháy thì sẽ tiến hành Đốt doanh trại: gây ra cho toàn thể quân địch công kích mưu lược (tỉ lệ sát thương 31%→62%, chịu ảnh hưởng của trí lực) sau đó gây thêm cho một quân địch trạng thái Đốt cháy, nếu mục tiêu ở trạng thái đốt cháy thì trong cùng một hiệp, mục tiêu sẽ phải chịu hai lần sát thương đốt doanh trại, sẽ có 30% xác suất vào trạng thái chấn động, duy trì 1 hiệp","[Chủ động - 35%] Chuẩn bị 1 hiệp, phóng hỏa công vào toàn thể quân địch (tỷ lệ sát thương 51%→102%, bị Trí Lực ảnh hưởng), và phóng trạng thái Đốt Cháy, mỗi hiệp gây ra sát thương liên tục (tỷ lệ sát thương 36%→72%, bị Trí Lực ảnh hưởng), duy trì 2 hiệp",Hoả Thiêu Liên Doanh
Yue Jin,Nhạc Tiến,Arrow Formation,Phong Thi Trận,"[Chủ động - 100%] Gây cho tập thể quân địch (2 người) nhận tấn công Binh Đao (tỷ lệ sát thương 75%→150%), sau đó bản thân rơi vào trạng thái Suy Nhược (không thể gây ra sát thương), duy trì 1 hiệp","[Pháp trận] (Kỵ,Khiên, Thương chuyên dụng) Trong quá trình chiến đấu, khiến sát thương tưởng chính quân ta gây ra tăng 15%→30%, sát thương phải chịu tăng 20%; sát thương Phó tướng quân ta gây ra giảm 15%, sát thương phải chịu giảm 12.5%→25%",Lâm Trận Tiên Đăng
Huang Yueying,Hoàng Nguyệt Anh,Arrow Formation,Phong Thi Trận,"[Chỉ huy] Chiến đấu 3 hiệp đầu, làm cho toàn thể quân ta nhận trạng thái Tiến Công Trước (ưu tiên hành động), tướng chính quân ta gây ra sát thương tăng 15% 30%, Phó tướng quân ta gây ra sát thương tăng 7.5%→15%; bắt đầu từ hiệp thứ 4, toàn thể quân ta gây ra sát thương giảm 15%, duy trì 2 hiệp","[Pháp trận] (Kỵ,Khiên, Thương chuyên dụng) Trong quá trình chiến đấu, khiến sát thương tưởng chính quân ta gây ra tăng 15%→30%, sát thương phải chịu tăng 20%; sát thương Phó tướng quân ta gây ra giảm 15%, sát thương phải chịu giảm 12.5%→25%",Công Thần
Hua Xiong,Hoa Hùng,Bait,Dụ Địch Thâm Nhập,"[Chủ động - 35%] Chuẩn bị 1 hiệp, gây cho tập thể quân địch (2 người) 1 lần tấn công Binh Đao (tỷ lệ sát thương 100%→200%), sau đó khiến sát thương Binh Đao bản thân gây ra tăng 12.5%→25%, sát thương Binh Đạo phải chịu giảm (12.5%→25%, bị Võ Lực ảnh hưởng), duy trì 2 hiệp","[Chủ động - 40%] Chuẩn bị 1 hiệp, phóng cho tập thể quân địch (2 người) trạng thái Bão Cát, mỗi hiệp gây ra sát thương liên tục (tỷ lệ sát thương 63%→126%, bị Trí Lực ảnh hưởng), tăng 25% sát thương Binh Đao mục tiêu phải chịu, duy trì 2 hiệp",Khiêu Chiến Quần Hùng
Sima Hui,Tư Mã Huy,Bait,Dụ Địch Thâm Nhập,"[Nội chính] Khi ủy nhiệm Võ Tướng làm Sứ Thăm Hải, tăng 4.5%→9% xác suất tìm ra thưởng bậc cao","[Chủ động - 40%] Chuẩn bị 1 hiệp, phóng cho tập thể quân địch (2 người) trạng thái Bão Cát, mỗi hiệp gây ra sát thương liên tục (tỷ lệ sát thương 63%→126%, bị Trí Lực ảnh hưởng), tăng 25% sát thương Binh Đao mục tiêu phải chịu, duy trì 2 hiệp",Thuỷ Kính Tiên Sinh
Zhenji,Chân Cơ,Beguile,Mê Hoặc,"[Nội chính] Khi ủy nhiệm Võ Tướng làm Sứ Luyện Binh, kinh nghiệm Luyện Binh tăng 3%→6%","[Bị động] Khi bản thân nhận phải Công thường, có 22.5%→45% xác suất làm cho người công kích rơi vào Hỗn loạn (công kích và chiến pháp sẽ không phân biệt khi lựa chọn mục tiêu), Tận kế (không thể phát động chiến pháp chủ động), Suy nhược (không thể gây ra sát thương), duy trì 1 hiệp, khi chính mình là nữ giới, phát động tỉ lệ chịu thêm ảnh hưởng của trí lực",Hoa Dung Nguyệt Mạo
Da Qiao,Đại Kiều,Beguile,Mê Hoặc,"[Nội chính] Khi ủy nhiệm Võ Tướng làm Quan giao dịch, tỷ lệ giao dịch tăng 1.5%→3%","[Bị động] Khi bản thân nhận phải Công thường, có 22.5%→45% xác suất làm cho người công kích rơi vào Hỗn loạn (công kích và chiến pháp sẽ không phân biệt khi lựa chọn mục tiêu), Tận kế (không thể phát động chiến pháp chủ động), Suy nhược (không thể gây ra sát thương), duy trì 1 hiệp, khi chính mình là nữ giới, phát động tỉ lệ chịu thêm ảnh hưởng của trí lực",Quốc Sắc
Sun Ce,Tôn Sách,Breach,Phá Trận Thôi Kiên,"[Bị động] Trong quá trình chiến đấu, sau khi tấn công thường có 35% xác suất lại phát động tấn công mạnh mục tiêu (tỷ lệ sát thương 96%→192%) và hồi phục Binh Lực cho cá thể quân ta (tỷ lệ Trị Liệu 28%→56%, bị Võ Lực ảnh hưởng); khi bản thân là Chủ Tướng, chiến đấu 2 hiệp đầu, khiến cá thể quân địch lần đầu chịu sát thương tăng lên 15%→30%","[Chủ động - 35%] Chuẩn bị 1 hiệp, làm cho tập thể quân địch (2 người) giảm 40→80 điểm Thống Soái và Trí Lực (bị Võ Lực ảnh hưởng), duy trì 2 hiệp, và phát động 1 lần tấn công Binh Đao cho mục tiêu (tỷ lệ sát thương 79%158%)",Giang Đông Tiểu Bá Vương
Wen Chou,Văn Xú,Breach,Phá Trận Thôi Kiên,"[Chủ động - 55%] Gây cho một mục tiêu tấn công Binh Đao (tỷ lệ sát thương 104%→208%) và Giao Binh Khí (không thể tấn công thường), đồng thời làm cho bản thân giảm Thống Soái 40%, và rơi vào trạng thái Cấm Trị Liệu (không thể hồi phục Binh Lực), duy trì 2 hiệp","[Chủ động - 35%] Chuẩn bị 1 hiệp, làm cho tập thể quân địch (2 người) giảm 40→80 điểm Thống Soái và Trí Lực (bị Võ Lực ảnh hưởng), duy trì 2 hiệp, và phát động 1 lần tấn công Binh Đao cho mục tiêu (tỷ lệ sát thương 79%158%)",Đăng Phong Hãm Trận
Gan Ning,Cam Ninh,Cavalry Raid,Bách Kỵ Kiếp Doanh,"﻿[Bị động] Trong quá trình chiến đấu, tăng cho bản thân 25%→50% tỷ lệ Hội Tâm (khi kích hoạt sát thương Binh Đao tăng 100%) và 10%→20% sát thương Hội Tâm; khi bản thân là Chủ Tướng, tăng cho tập thể quân Đồng Minh (2 người) 2.5%→5% xác suất Hội Tâm và 5%→10% sát thương Hội Tâm","[Đột kích - 40%] Sau khi tấn công thường, phát động 1 lần tấn công Binh Đạo cho cá thể quân địch ngẫu nhiên (tỷ lệ sát thương 81%→162%) đồng thời có 50% xác suất phát động thêm 1 lần tấn công Binh Đạo cho tướng chính quân địch (tỷ lệ sát thương 60%→120%)",Cẩm Phàm Bách Linh
Gao Shun,Cao Thuận,Camp Raid,Hãm Trận Doanh,"[Binh chủng - Khiên] Tiến bậc Lính Khiên thành Hãm Trận Doanh thuận buồm xuôi gió: Võ Lực, Thống Soái của toàn thể quân ta tăng 11→22 điểm, Chiến đấu 3 hiệp đầu nhận trạng thái Cấp Cứu, khi nhận phải sát thương sẽ có 30% xác suất được Trị Liệu (tỷ lệ Trị Liệu 30%→60%, bị Trí Lực ảnh hưởng); nếu Cao Thuận làm thống lĩnh thì tỷ lệ Trị Liệu còn bị Thống Soái ảnh hưởng","[Binh chủng - Khiên] Tiến bậc Lính Khiên thành Hãm Trận Doanh thuận buồm xuôi gió: Võ Lực, Thống Soái của toàn thể quân ta tăng 11→22 điểm, Chiến đấu 3 hiệp đầu nhận trạng thái Cấp Cứu, khi nhận phải sát thương sẽ có 30% xác suất được Trị Liệu (tỷ lệ Trị Liệu 30%→60%, bị Trí Lực ảnh hưởng); nếu Cao Thuận làm thống lĩnh thì tỷ lệ Trị Liệu còn bị Thống Soái ảnh hưởng",Hãm Trận Doanh
Dong Zhuo,Đổng Trác,Cruel Tyranny,Bạo Lệ Vô Nhân,"[Bị động] Trong quá trình chiến đấu, mỗi hiệp làm cho Binh Lực của bản thân giảm đi (1%× số hiệp), đồng thời khi mỗi hiệp nhận 4%−8% Làm Phản (khi gây ra sát thương Binh Đao, hồi phục Binh Lực nhất định dựa vào lượng sát thương của bản thân) và 15 điểm Võ Lực, khi bản thân là Chủ tướng, chiến đấu hiệp thứ 5 trở lên, nếu Phó tướng quân ta còn sống, mỗi hiệp gây ra sát thương Binh Đao cho toàn thể quân địch và quân ta (tỷ lệ sát thương 30%→60%)","[Đột kích - 25%→35%] Sau khi tấn công thường, lại phát động 1 lần tấn công Binh Đạo vào mục tiêu (tỷ lệ sát thương 196%), và làm cho mục tiêu rơi vào trạng thái Hỗn Loạn (tấn công và Chiến Pháp sẽ không phân biệt khi chọn mục tiêu), duy trì 1 hiệp (Xác suất phát động 25%→35%)",Tửu Trì Nhục Lâm
Cao Cao,Tào Tháo,Death in Slumber,Mộng Trung Thí Thần,"[Chỉ huy] Trong quá trình chiến đấu, làm cho tập thể quân Đồng Minh (2 người) tăng 8%→16% sát thương gây ra (bị Trí Lực ảnh hưởng), sát thương bản thân phải chịu giảm 9%→18% (bị Trí Lực ảnh hưởng), nếu bản thân là Chủ Tướng, khi Phó Tướng gây ra sát thương sẽ hồi phục Binh Lực cho Chủ Tướng tương đương 10% lượng sát thương","[Chỉ huy] Chiến đấu 2 hiệp đầu, nếu bản thân là Chủ Tướng sẽ khiến Phó Tướng ngẫu nhiên Gánh Vác 20%→40% sát thương thay mình. Chiến đấu từ hiệp thứ 3 trở đi, khi bản thân hành động nếu có trạng thái xấu thì sẽ nhận 25% 50% xác suất phản kích trạng thái (tỷ lệ sát thương 150%), cho đến khi kết thúc chiến đấu",Loạn Thế Gian Hùng
Zhuge Liang,Gia Cát Lượng,Debate,Nhà Nho Đấu Khẩu,"[Chỉ huy] Khi tập thể quân địch (2 người) phát động Chiến Pháp chủ động, có 25%→35% xác suất làm cho chúng thất bại và gây sát thương Mưu Lược cho chúng (tỷ lệ sát thương 100%, bị Trí Lực ảnh hưởng), khi bản thân là Chủ Tướng, sát thương lần này sẽ căn cứ vào độ chênh lệch về Trí Lực của hai bên để tăng lên","[Chỉ huy] Khi quân địch thử phát động Chiến Pháp chủ động, có 15%→25% xác suất làm cho chúng giảm 5% xác suất phát động (bị Trí Lực ảnh hưởng), và tăng cho bản thân và quân Đồng Minh ngẫu nhiên 2%→4% xác suất phát động Chiến Pháp chủ động (bị Trí Lực ảnh hưởng), duy trì 1 hiệp",Thần Cơ Diệu Toán
Chen Qun,Trần Quần,Defang,Toả Nhuệ,"[Nội chính] Khi ủy nhiệm Võ Tướng làm Quan Sắt, sản lượng Mỏ Sắt tăng 1.5%→3%","[Chỉ huy] Chiến đấu 3 hiệp đầu, làm cho cá thể quân địch rơi vào trạng thái Suy Nhược, khi gây ra sát thương có 32.5%→65% xác suất không thể gây ra sát thương",Thanh Lưu Nhã Vọng
Sun Jian,Tôn Kiên,Defang,Toả Nhuệ,"[Chủ động - 50%] Gây cho tập thể quân địch (2 người) 63%→126% sát thương Binh Đao, và Chế Giễu (cưỡng chế mục tiêu tự tấn công thường bản thân), duy trì 2 hiệp","[Chỉ huy] Chiến đấu 3 hiệp đầu, làm cho cá thể quân địch rơi vào trạng thái Suy Nhược, khi gây ra sát thương có 32.5%→65% xác suất không thể gây ra sát thương",Giang Đông Mãnh Hổ
Xiahou Dun,Hạ Hầu Đôn,Desperate Reversal,Tuyệt Địa Phản Kích,"[Bị động] Trong quá trình chiến đấu, làm cho Thống Soái của bản thân tăng 19→38 điểm, khi chịu sát thương Binh Đạo có 40% xác suất gây cho tập thể quân địch (2 người) nhận sát thương Binh Đao (tỷ lệ sát thương 42%→84%)","[Bị động] (Kỵ,Khiên,Thương chuyên dụng) Trong khi chiến đấu, bản thân sau mỗi lần nhận phải sát thương Binh Đạo, Võ Lực tăng 3→6, tối đa cộng dồn 10 lần; khi ở hiệp thứ 5, dựa vào số lần cộng dồn gây cho toàn địch sát thương Binh Đao (tỷ lệ sát thương 60%→120%, mỗi lần tăng 7%→14% tỷ lệ sát thương)",Kiên Cường Bất Khuất
Lu Lingqi,Lữ Linh Ỷ,Desperate Reversal,Tuyệt Địa Phản Kích,"[Chủ động - 35%] Tạo cho một quân địch và thêm 1-2 quân địch tấn công Binh Đao (tỷ lệ sát thương 59%→118%) và khiến xác suất phát động Chiến Pháp chủ động của bản thân tăng 5%→10% (khi bản thân là Chủ Tướng, xác suất phát động tăng lên 7.5%→15%), duy trì 2 hiệp, nếu mục tiêu địch là Chủ Tướng địch, thì sẽ khiến mục tiêu rơi vào trạng thái Đào Phản, mỗi hiệp duy trì gây sát thương (tỷlệ sát thương51%→102%, chịu ảnh hưởng của một mục cao nhất là Võ Lực hoặc Trí Lực, bỏ qua phòng thủ), duy trì 2 hiệp","[Bị động] (Kỵ,Khiên,Thương chuyên dụng) Trong khi chiến đấu, bản thân sau mỗi lần nhận phải sát thương Binh Đạo, Võ Lực tăng 3→6, tối đa cộng dồn 10 lần; khi ở hiệp thứ 5, dựa vào số lần cộng dồn gây cho toàn địch sát thương Binh Đao (tỷ lệ sát thương 60%→120%, mỗi lần tăng 7%→14% tỷ lệ sát thương)",Sư Tử Phấn Tấn
Zhang Jiao,Trương Giác,Disarray Affliction,Hoàng Thiên Thái Bình,"[Chủ động - 45%] Chuẩn bị 1 hiệp, gây ra cho một quân địch ngẫu nhiên công kích mưu lược (tỉ lệ sát thương 68%→136%, bị Trí lực ảnh hưởng) và có 30% tỉ lệ khiến họ vào trạng thái chấn động (không thể hành động), duy trì 1 hiệp, và kích hoạt 5 lần, mỗi lần chọn độc lập mục tiêu; Khi bản thân là Chủ Tướng, nếu mục tiêu ở trạng thái thủy công, bão cát, mỗi khi thêm một loại sẽ tăng 20% tỉ lệ chấn động","[Chủ động - 25%→35%] Chuẩn bị 1 hiệp, trả giá bằng cách bản thân rơi vào trạng thái Hỗn Loạn (tấn công và Chiến Pháp sẽ không phân biệt khi lựa chọn mục tiêu), làm cho tập thể quân địch (2 người) rơi vào trạng thái Kế Tận (không thể phát động Chiến Pháp chủ động), duy trì 2 hiệp (Xác suất phát động 25%→35%)",Ngũ Lôi Oanh Đỉnh
Cao Ren,Tào Nhân,Eight Gold Locks Formation,Bát Môn Kim Toả Trận,"[Chủ động - 35%→45%] Làm cho bản thân nhận trạng thái Quan Sát (miễn dịch tất cả hiệu ứng Khống Chế) và Chế Giễu toàn thể quân địch (cưỡng chế mục tiêu tự tấn công thường bản thân), đồng thời tăng cho bản thân 75→150 Thống Soái, duy trì 2 hiệp (Xác suất phát động 35%→45%)","[Pháp trận] Chiến đấu 3 hiệp đầu, làm cho tập thể quân địch (2 người) gây ra sát thương giảm xuống 15%→30% (bị Trí Lực ảnh hưởng), và làm cho tướng chính quân ta nhận trạng thái Tiến Công Trước (ưu tiên hành động)",Vững Như Thành Đồng
Zhang Zhao,Trương Chiêu,Elite Troops,Binh Phong,"[Nội chính] Khi ủy nhiệm Võ Tướng làm Quan Chủ Chính, sản lượng toàn tài nguyên tăng 1.3%→2.5%","[Chủ động - 25%→35%] Làm cho bản thân và cá thể quân Đồng Minh rơi vào trạng thái Liên Kích (mỗi hiệp có thể tấn công thường 2 lần), duy trì 1 hiệp (Xác suất phát động 25%→35%)",Công Huân Khắc Cử
Meng Huo,Mạnh Hoạch,Elite Troops,Binh Phong,"[Chỉ huy] Trong khi chiến đấu, mỗi hiệp hành động có 24.5%−49% xác suất gây cho toàn địch sát thương Binh Đao (tỷ lệ sát thương 53%→106%), nếu chưa có hiệu lực sẽ tăng 7% phát động xác suất, sau khi bản thân nhận phải 7 lần tấn công thường sẽ vào 1 hiệp trạng thái Chấn Động (không thể hành động); khi bản thân là Chủ Tướng, mỗi hiệp có 15% (mỗi thêm 1 Võ Tướng Man Tộc trong đội sẽ tăng 15%) xác suất kiến tập thể Man Tộc tạo thành sát thương tăng 15% (chịu ảnh hưởng tổn thất binh lực bản thân, nhiều nhất 80%), duy trì 1 hiệp","[Chủ động - 25%→35%] Làm cho bản thân và cá thể quân Đồng Minh rơi vào trạng thái Liên Kích (mỗi hiệp có thể tấn công thường 2 lần), duy trì 1 hiệp (Xác suất phát động 25%→35%)",Nam Man Cự Khôi
Diao Chan,Điêu Thuyền,Eternal Beauty,Nghiêng Nước Nghiêng Thành,"[Chủ động - 70%] Chọn cá thể quân địch Gánh Vác cho bản thân 12.5%→25% (bị Trí Lực ảnh hưởng) sát thương, và mục tiêu là khi quân địch Võ Lực cao nhất sẽ rơi vào trạng thái Hỗn Loạn (tấn công và Chiến Pháp sẽ không phân biệt khi lựa chọn mục tiêu), nếu khi quân địch Trí Lực cao nhất sẽ rơi vào trạng thái Kế Tận (không thể phát động Chiến Pháp chủ động), nếu không sẽ gây ra trạng thái Suy Nhược (không thể gây ra sát thương) hoặc Cấm Trị Liệu (không thể hồi phục Binh Lực), duy trì 1 hiệp (Xác suất phát động 40%→75%) ","[Chủ động - 25%→40%] Chuẩn bị 1 hiệp, làm cho tập thể quân địch (1-2 người) rơi vào trạng thái Hỗn Loạn 1 (tấn công và Chiến Pháp sẽ không phân biệt khi lựa chọn mục tiêu) và có 50% xác suất khiến Tập thể quân ta (2 người) giảm 8%→16% sát thương phải chịu, duy trì 2 hiệp, khi bản thân là nữ giới nhất định sẽ chọn tập thể quân địch (2 người) (Xác suất phát động 25%→40%)",Bế Nguyệt
Zhou Yu,Chu Du,Fan the Flames,Phong Trợ Hoả Thế,"[Bị động] Trong quá trình chiến đấu, Mỗi lần phát động thành công Chiến Pháp chủ động, có 40%→80% xác suất gây ra tấn công Mưu Lược vào toàn thể quân địch (tỷ lệ sát thương 34%→68%, bị Trí Lực ảnh hưởng); khi bản thân là Chủ tướng, lần tấn công này có 20%→40% xác suất phóng trạng thái Đốt Cháy vào mục tiêu (tỷ lệ sát thương 34%, bị Trí Lực ảnh hưởng), duy trì 1 hiệp","[Chủ động - 50%] Gây cho cá thể quân địch sát thương Mưu Lược (tỷ lệ sát thương 77%→154%, bị Trí Lực ảnh hưởng); nếu mục tiêu ở trong trạng thái Đốt Cháy thì sẽ gây thêm cho mục tiêu 1 lần sát thương Mưu Lược (tỷ lệ sát thương 114%→228%, bị Trí Lực ảnh hưởng)",Thần Hoả Kế
Huang Gai,Hoàng Cái,Fan the Flames,Phong Trợ Hoả Thế,"[Chủ động - 40%] Gây sát thương Binh Đạo cho bản thân (tỷ lệ sát thương 40%), khiến cá thể quân địch rơi vào trạng thái Đốt Cháy (tỷ lệ sát thương 61%→122%, bị Trí Lực ảnh hưởng) và Hỗn Loạn (tấn công và Chiến Pháp sẽ không phân biệt khi lựa chọn mục tiêu) và khiến sát thương Binh Đạo bản thân phải chịu giảm 15%→30%, duy trì 2 hiệp","[Chủ động - 50%] Gây cho cá thể quân địch sát thương Mưu Lược (tỷ lệ sát thương 77%→154%, bị Trí Lực ảnh hưởng); nếu mục tiêu ở trong trạng thái Đốt Cháy thì sẽ gây thêm cho mục tiêu 1 lần sát thương Mưu Lược (tỷ lệ sát thương 114%→228%, bị Trí Lực ảnh hưởng)",Khổ Nhục Kế
Tian Feng,Điền Phong,Fickle War,Binh Vô Thường Thế,"[Chủ động - 35%→50%] Chuẩn bị 1 hiệp, làm cho tập thể quân địch (1-2 người) giảm 15% tốc độ (bị Trí Lực ảnh hưởng) và rơi vào trạng thái Hỗn Loạn (tấn công và Chiến Pháp sẽ không phân biệt khi lựa chọn mục tiêu), duy trì 2 hiệp, và khiến cá thể quân Đồng Minh nhận 1 lần Chống Đỡ, duy trì 1 hiệp (Xác suất phát động 35%→50%)","[Bị động] Trong quá trình chiến đấu, khi bản thân tổng tiến hành 3 lần tấn công thường sẽ gây ra sát thương Mưu Lược cho mục tiêu tấn công (tỷ lệ sát thương 120%→240%, bị Trí Lực ảnh hưởng), và Trị Liệu bản thân (tỷ lệ Trị Liệu 90%→180%, bị Trí Lực ảnh hưởng)",Tận Trung Tận Trí
Zhu Rong,Phu Nhân Chúc Dung,Fickle War,Binh Vô Thường Thế,"[Chỉ huy] Chiến đấu 2 hiệp đầu, đối với toàn bộ Võ Tướng quân địch lần lượt có 7.5%→15% xác suất (mục tiêu trong trạng thái Đốt cháy có 35%→70% xác suất ) phát động tấn công binh đao (tỷ lệ sát thương 71%→142%), khi chiến đấu hiệp thứ 3, khiến 1 nhóm quân ta (2-3 người)Võ Lực tăng 10→20 (bị Võ Lực ảnh hưởng) và bản thân mỗi hiệp trước khi hành động sẽ trị liệu 1 nhóm quân ta (2 người, tỷ lệ trị liệu 79%→158%, bị Võ Lực ảnh hưởng), duy trì 3 hiệp; khi bản thân là Tướng Chính, xác suất kích hoạt tấn công binh đao tăng 5%→10%","[Bị động] Trong quá trình chiến đấu, khi bản thân tổng tiến hành 3 lần tấn công thường sẽ gây ra sát thương Mưu Lược cho mục tiêu tấn công (tỷ lệ sát thương 120%→240%, bị Trí Lực ảnh hưởng), và Trị Liệu bản thân (tỷ lệ Trị Liệu 90%→180%, bị Trí Lực ảnh hưởng)",Hoả Thần Anh Phong
Cao Zhi,Tào Thực,Focus Defence,Thủ Nhĩ Tất Cố,"[Nội chính] Khi ủy nhiệm Võ Tướng làm Quan Rèn, tăng 4.5%→9% xác suất Rèn ra trang bị bậc cao","[Chỉ huy] Khi bắt đầu chiến đấu, Chế Giễu tướng chính quân địch (cưỡng chế mục tiêu tự tấn công thường bản thân), và làm tăng Thống Soái của bản thân lên 2040 điểm, duy trì 4 hiệp",Thất Bộ Thành Thi
Cheng Yu,Trình Dục,Focus Defence,Thủ Nhĩ Tất Cố,"[Chủ động - 35%] Gây ra tấn công Mưu Lược cho quân địch trong trạng thái xấu (tỷ lệ sát thương 48%96%, bị Trí Lực ảnh hưởng), sau đó phóng cho tập thể quân địch (2 người) trạng thái Cấm Trị Liệu (không thể hồi phục Binh Lực) và Đào Phản, mỗi hiệp gây ra sát thương liên tục (tỷ lệ sát thương 37%→74%, bị 1 loại cao nhất trong Võ Lực hoặc Trí Lực ảnh hưởng, bỏ qua phòng ngự), duy trì 2 hiệp","[Chỉ huy] Khi bắt đầu chiến đấu, Chế Giễu tướng chính quân địch (cưỡng chế mục tiêu tự tấn công thường bản thân), và làm tăng Thống Soái của bản thân lên 2040 điểm, duy trì 4 hiệp",Thập Diện Mai Phục
Zhang Fei,Trương Phi,Furious Glare,Trấn Mục Hoành Mâu,"[Bị động] Hiệp thứ 2 và 4, gây cho toàn thể quân địch tấn công Binh Đao (tỷ lệ sát thương 52%→104%); nếu mục tiêu trong trạng thái Giao Binh Khí, thì sẽ làm mục tiêu giảm thêm 25%→50% Thống Soái, duy trì 2 hiệp, khi bản thân là Chủ Tướng, giảm Thống Soái sẽ tác động lên cả kẻ địch trong trạng thái Kế Tận.","[Chủ động - 40%] (Kỵ,Khiên, Thương,Xe chuyên dụng) Làm cho Võ Lực của bản thân tăng 25→50 điểm, và nhận hiệu ứng tấn công nhóm (khi tấn công thường mục tiêu sẽ cùng các Võ Tướng khác trong đội quân gây ra sát thương) (tỷ lệ sát thương 35%→70%), duy trì 2 hiệp",Yên Nhân Gào Thét
Sun Quan,Tôn Quyền,Grudge Bearer,Nằm Gai Nếm Mật,"[Chỉ huy] Trong quá trình chiến đấu, sau khi bản thân và cả thể quân Đồng Minh phát động tấn công thường, bản thân có 37.5%→75% xác suất nhận ngẫu nhiên một trong số các trạng thái Liên Kích, Quan Sát, Tiến Công Trước, Tất Trúng, Phá Trận duy trì 2 hiệp. Khi bản thân là Chủ Tướng, ưu tiên được nhận trạng thái khác nhau.","[Chủ động - 40%] Phát động 1 lần tấn công Binh Đạo vào tập thể quân địch (2 người) (tỷ lệ sát thương 48%→96%), và có 25% xác suất (căn cứ vào số lượng trạng thái Liên Kích, Quan Sát, Tiến Công Trước, Tất Trúng, Phá Trận của bản thân, mỗi loại tăng 5%→10% xác suất) gây ra trạng thái Chấn Động (không thể hành động), duy trì 1 hiệp",Toạ Đoạn Đông Nam
Zhang He,Trương Cáp,Halberdier,Đại Kích Sĩ,"[Binh chủng - Thương] Khiến Lính thương tiến bậc thành Đại Kích Sĩ Tung hoành ngang dọc: võ lực của toàn thể quân ta tăng 7→14 điểm, khi tiến hành Công thường, có 35% xác suất gây ra cho đơn thể quân địch sát thương binh đao (tỉ lệ sát thương 61%→122%); nếu Trương Cáp thống lĩnh, thì xác suất phát động sẽ tăng cao đến 40%","[Binh chủng - Thương] Khiến Lính thương tiến bậc thành Đại Kích Sĩ Tung hoành ngang dọc: võ lực của toàn thể quân ta tăng 7→14 điểm, khi tiến hành Công thường, có 35% xác suất gây ra cho đơn thể quân địch sát thương binh đao (tỉ lệ sát thương 61%→122%); nếu Trương Cáp thống lĩnh, thì xác suất phát động sẽ tăng cao đến 40%",Đại Kích Sĩ
Yan Liang,Nhan Lương,Intimidate,Thịnh Khí Linh Địch,"[Đột kích - 30%] Sau khi tấn công thường, lại phát động tấn công mạnh vào mục tiêu tấn công (tỷ lệ sát thương 90%→180%), và làm cho mục tiêu rơi vào trạng thái Chấn Động (không thể hành động), duy trì 1 hiệp","[Chỉ huy] 2 hiệp đầu, làm cho tập thể quân địch (2 người) mỗi hiệp đều có 45%→90% xác suất rơi vào trạng thái Giao Binh Khí, không thể tiến hành tấn công thường",Dũng Quán Tam Quân
Cao Pi,Tào Phi,Intimidate,Thịnh Khí Linh Địch,"[Nội chính] Khi ủy nhiệm làm Quan Chủ Chính, thời gian tăng cấp hạ tầng xây dựng giảm 15%→30% ","[Chỉ huy] 2 hiệp đầu, làm cho tập thể quân địch (2 người) mỗi hiệp đều có 45%→90% xác suất rơi vào trạng thái Giao Binh Khí, không thể tiến hành tấn công thường",Lục Lực Thượng Quốc
Yu Jin,Vu Cấm,Overcome,Khắc Địch Chế Thắng,"[Chủ động - 35%] Khiến sát thương binh đao mà bản thân lần sau nhận vào tăng 40%, duy trì 1 hiệp, tăng cho bản thân 28→56 điểm Võ lực, duy trì 3 hiệp, và tạo ra một cú đập mạnh vào một nhóm quân địch (2 người) (tỉ lệ sát thương 92%→184%)","[Đột kích - 40%] Sau khi tấn công thường, lại gây ra 1 lần sát thương Mưu Lược cho mục tiêu tấn công (tỷ lệ sát thương 90%→180%, bị Trí Lực ảnh hưởng); nếu mục tiêu đang trong trạng thái Trúng Độc hoặc Bỏ Chạy sẽ có 70% xác suất làm cho mục tiêu rơi vào trạng thái Suy Nhược (không thể gây ra sát thương), duy trì hiệp",Cầm Quân Thận Trọng
Cheng Pu,Trình Phổ,Overcome,Khắc Địch Chế Thắng,"[Bị động] Khi nhận phải sát thương, có 20%→35% xác suất tịnh hóa hiệu ứng tiêu cực của bản thân, đồng thời làm cho một quân địch ngẫu nhiên rơi vào trạng thái Chấn động (không thể hành động), duy trì 1 hiệp, mỗi hiệp có thể kích hoạt tối đa 1 lần hiệu ứng này","[Đột kích - 40%] Sau khi tấn công thường, lại gây ra 1 lần sát thương Mưu Lược cho mục tiêu tấn công (tỷ lệ sát thương 90%→180%, bị Trí Lực ảnh hưởng); nếu mục tiêu đang trong trạng thái Trúng Độc hoặc Bỏ Chạy sẽ có 70% xác suất làm cho mục tiêu rơi vào trạng thái Suy Nhược (không thể gây ra sát thương), duy trì hiệp",Thận Trọng Anh Dũng
Yu Ji,Vu Cát,Paranoia,Sợ Bóng Sợ Gió,"[Chỉ huy] Khi hiệp chiến đấu thứ 2 bắt đầu, khiến toàn thể quân địch vào trạng thái thủy công, mỗi hiệp duy trì gây ra sát thương (tỉ lệ sát thương 36%→72%, chịu ảnh hưởng của trí lực), và khiến sát thương mà mục tiêu phải chịu tăng 5%→10%, duy trì 5 hiệp","[Chủ động - 50%] Chuẩn bị hiệp 1, phát động 1 lần tấn công mưu lược (tỷ lệ sát thương 76.5%→153%, chịu ảnh hưởng Trí Lực) cho tập thể quân địch (2 người), và hồi phục Binh Lực nhất định cho tập thể quân ta (2 người) (Tỷ lệ hồi phục 51%→102%, chịu ảnh hưởng Trí Lực)",Hưng Vân Bố Vũ
Zuo Ci,Tả Từ,Paranoia,Sợ Bóng Sợ Gió,"[Chỉ huy] Chiến đấu 2 hiệp đầu, làm cho toàn thể quân ta nhận hiệu ứng 17.5%→35% Né Tránh, có thể miễn dịch sát thương, và khi bắt đầu hiệp thứ 3 sẽ nhận trạng thái Nghỉ Ngơi (mỗi hiệp hồi phục Binh Lực nhất định, tỷ lệ hồi phục 29%→58%, bị Trí Lực ảnh hưởng), duy trì 3 hiệp","[Chủ động - 50%] Chuẩn bị hiệp 1, phát động 1 lần tấn công mưu lược (tỷ lệ sát thương 76.5%→153%, chịu ảnh hưởng Trí Lực) cho tập thể quân địch (2 người), và hồi phục Binh Lực nhất định cho tập thể quân ta (2 người) (Tỷ lệ hồi phục 51%→102%, chịu ảnh hưởng Trí Lực)",Kim Đơn Mật Thuật
Zhong Hui,Chung Hội,Pen and Sword,Văn Võ Song Toàn,"[Chủ động - 45%] Chuẩn bị 1 hiệp, gây cho quần thể quân địch (2-3 người) công kích mưu lược (tỷ lệ sát thương 105%→210%, bị Trí lực ảnh hưởng), và giao binh khí (không thể tiến hành Công thường), duy trì 2 hiệp","[Bị động] Trong khi chiến đấu, khi mỗi lần bản thân gây ra sát thương Mưu Lược, sẽ tăng 15→30 Trí Lực, tối đa cộng dồn 5 lần, mỗi khi gây ra sát thương Binh Đao, sẽ tăng 15→30 Võ Lực, tối đa cộng dồn 5 lần",Tinh Luyện Sách Số
Deng Ai,Đặng Ngải,Pen and Sword,Văn Võ Song Toàn,"[Chủ động - 25%→50%] Chuẩn bị 1 hiệp, gây ra tấn công Mưu Lược cho cá thể quân địch (tỷ lệ sát thương 260%, bị Trí Lực ảnh hưởng) và làm cho mục tiêu rơi vào trạng thái Chấn Động (không thể hành động), duy trì 2 hiệp (Xác suất phát động 25%→50%)","[Bị động] Trong khi chiến đấu, khi mỗi lần bản thân gây ra sát thương Mưu Lược, sẽ tăng 15→30 Trí Lực, tối đa cộng dồn 5 lần, mỗi khi gây ra sát thương Binh Đao, sẽ tăng 15→30 Võ Lực, tối đa cộng dồn 5 lần",Ám Độ Trần Thương
Huang Zhong,Hoàng Trung,Rain of Arrows,Vạn Tiễn Tề Phát,"[Chủ động - 35%] Chuẩn bị 1 hiệp, tăng cao cho chính mình 12.5%→25% tỉ lệ hội tâm (khi kích hoạt, sát thương binh đao tăng cao 100%), duy trì 2 hiệp, sau đó gây ra công kích binh đao cho toàn thể quân địch (tỉ lệ sát thương 90%→180%), nếu mục tiêu ở trạng thái khống chế, thì sức mạnh của công kích binh đao này càng mạnh (tỉ lệ sát thương 120%→240%)","[Chủ động - 45%] Chuẩn bị 1 hiệp, gây cho toàn thể quân địch tấn công Binh Đao (tỷ lệ sát thương 70%→140%), và có 50% xác suất gây ra trạng thái Bỏ Chạy, mỗi hiệp gây ra sát thương liên tục (tỷ lệ sát thương 60%→120%, bị Võ Lực ảnh hưởng), duy trì 1 hiệp",Bách Phát Bách Trúng
Xiahou Yuan,Hạ Hầu Uyên,Rain of Arrows,Vạn Tiễn Tề Phát,"[Đột kích - 30%→60%] Sau khi tấn công thường, phát động 1 lần tấn công Binh Đạo cho cá thể quân địch ngẫu nhiên (tỷ lệ sát thương 158%); nếu đánh trúng tưởng chính quân địch sẽ làm cho mục tiêu rơi vào trạng thái Kế Tận (không thể phát động Chiến Pháp chủ động), duy trì 2 hiệp (Xác suất phát động 30%→60%)","[Chủ động - 45%] Chuẩn bị 1 hiệp, gây cho toàn thể quân địch tấn công Binh Đao (tỷ lệ sát thương 70%→140%), và có 50% xác suất gây ra trạng thái Bỏ Chạy, mỗi hiệp gây ra sát thương liên tục (tỷ lệ sát thương 60%→120%, bị Võ Lực ảnh hưởng), duy trì 1 hiệp",Tướng Hành Kỳ Tật
Wu Tugu,Ngột Đột Cốt,Rattan Infantry,Lính Giáp Mây,"[Binh chủng - Khiên] Tiến bậc Lính Khiên thành Lính Giáp Mây đao thương đâm không thủng: sát thương Binh Đạo toàn thể quân ta nhận vào giảm 12%→24% (bị Thống Soái ảnh hưởng), nhưng khi rơi vào trạng thái Đốt Cháy thì mỗi hiệp sẽ tổn thất thêm Binh Lực (tỷ lệ sát thương 300%); nếu Ngột Đột Cốt làm thống lĩnh sẽ giảm tổn thất Binh Lực khi ở trong trạng thái Đốt Cháy (tỷ lệ sát thương 250%)","[Binh chủng - Khiên] Tiến bậc Lính Khiên thành Lính Giáp Mây đao thương đâm không thủng: sát thương Binh Đạo toàn thể quân ta nhận vào giảm 12%→24% (bị Thống Soái ảnh hưởng), nhưng khi rơi vào trạng thái Đốt Cháy thì mỗi hiệp sẽ tổn thất thêm Binh Lực (tỷ lệ sát thương 300%); nếu Ngột Đột Cốt làm thống lĩnh sẽ giảm tổn thất Binh Lực khi ở trong trạng thái Đốt Cháy (tỷ lệ sát thương 250%)",Lính Giáp Mây
Dian Wei,Điển Vi,Resist the Foe,Đánh Bại Quân Địch,"[Chỉ huy] Khi tướng chính quân ta sắp nhận phải tấn công thường, bản thân sẽ tiến hành 1 lần đập mạnh vào người tấn công (tỷ lệ sát thương 40%–80%) và làm giảm 9%→18% sát thương Binh Đao mà chúng gây ra, duy trì 1 hiệp, sau đó sẽ gánh chịu lần tấn công thường này cho tướng chính quân ta","[Đột kích - 25%→45%] Sau khi tấn công thường, làm cho cá thể quân địch ngẫu nhiên giảm 100 điểm Thống Soái và Trí Lực, duy trì 2 hiệp; nếu bản thân không phải là Chủ Tướng, sẽ khiến tướng chính quân ta nhận thêm 2 lần Chống Đỡ, có thể miễn dịch sát thương, duy trì 2 hiệp (Xác suất phát động 25%→45%)",Cổ Chi Ác Lai
Taishi Ci,Thái Sử Từ,Resist the Foe,Đánh Bại Quân Địch,"[Bị động] Trong khi chiến đấu, khiến bản thân nhận trạng thái Liên kích, mỗi hiệp được tấn công thường 2 lần, và khiến mục tiêu tấn công thường giảm 5→25 Thống Soái, được cộng dồn, duy trì 2 hiệp","[Đột kích - 25%→45%] Sau khi tấn công thường, làm cho cá thể quân địch ngẫu nhiên giảm 100 điểm Thống Soái và Trí Lực, duy trì 2 hiệp; nếu bản thân không phải là Chủ Tướng, sẽ khiến tướng chính quân ta nhận thêm 2 lần Chống Đỡ, có thể miễn dịch sát thương, duy trì 2 hiệp (Xác suất phát động 25%→45%)",Thần Xạ
Pang De,Bàng Đức,Sidestep,Tạm Lánh Sóng Gió,"﻿[Chủ động - 35%] Chuẩn bị 1 hiệp, xóa hiệu ứng tăng ích của tập thể quân địch (2 người), sau đó gây ra tấn công Binh Đao (tỷ lệ sát thương 127.5%→255%)","[Chỉ huy] Sau khi bắt đầu chiến đấu 3 hiệp đầu, khiến Võ Tướng quân ta có Trí Lực cao nhất giảm 20%→40% sát thương Binh Đao phải chịu (bị Trí Lực ảnh hưởng), làm cho Võ Tướng quân ta có Võ Lực cao nhất giảm 20%→40% sát thương Mưu Lược phải chịu (bị Trí Lực ảnh hưởng)",Đài Quan Quyết Chiến
Xu Shu,Từ Thứ,Sidestep,Tạm Lánh Sóng Gió,"[Chủ động - 35%] Làm cho tập thể quân địch (2 người) có 30%→60% xác suất nhận trạng thái Đốt Cháy ngẫu nhiên (bị Trí Lực ảnh hưởng), Trúng Độc (bị Trí Lực ảnh hưởng), Bỏ Chạy (bị Võ Lực ảnh hưởng), mỗi hiệp gây ra sát thương liên tục (tỷ lệ sát thương 70%), mỗi loại trạng thái được giám định riêng, duy trì 2 hiệp","[Chỉ huy] Sau khi bắt đầu chiến đấu 3 hiệp đầu, khiến Võ Tướng quân ta có Trí Lực cao nhất giảm 20%→40% sát thương Binh Đao phải chịu (bị Trí Lực ảnh hưởng), làm cho Võ Tướng quân ta có Võ Lực cao nhất giảm 20%→40% sát thương Mưu Lược phải chịu (bị Trí Lực ảnh hưởng)",Xử Từ Bất Hoặc
Guo Jia,Quách Gia,Sinking Sands,Trầm Sa Quyết Thuỷ,"[Chỉ huy] Chiến đấu 2 hiệp đầu, làm cho tướng chính quân ta nhận trạng thái Quan Sát (miễn dịch tất cả hiệu ứng Khống Chế) sát thương nhận phải giảm 25%-50%","[Chủ động - 40%] Chuẩn bị 1 hiệp, phóng cho tập thể quân địch (2 người) trạng thái Thủy Công, mỗi hiệp gây ra sát thương liên tục (tỷ lệ sát thương 63%→126%, bị Trí Lực ảnh hưởng), và khiến mục tiêu tăng 25% sát thương Mưu Lược phải chịu, duy trì 2 hiệp",Thập Thắng Thập Bại
Fa Zheng,Pháp Chính,Sinking Sands,Trầm Sa Quyết Thuỷ,"[Chủ động - 35%] Trị liệu một nhóm quân ta (2 người, tỉ lệ trị liệu 77%→154%, chịu ảnh hưởng của trí lực), và khiến mục tiêu trong 3 lần sắp tới chịu sát thương lần lượt giảm đi (25%→50%, 18.8%→37.5%, 12.5%→25%, chịu ảnh hưởng của trí lực), và vào lần chịu khống chế tiếp theo sẽ có 25%→40% (chịu ảnh hưởng của trí lực) tỉ lệ miễn nhiễm","[Chủ động - 40%] Chuẩn bị 1 hiệp, phóng cho tập thể quân địch (2 người) trạng thái Thủy Công, mỗi hiệp gây ra sát thương liên tục (tỷ lệ sát thương 63%→126%, bị Trí Lực ảnh hưởng), và khiến mục tiêu tăng 25% sát thương Mưu Lược phải chịu, duy trì 2 hiệp",Dưỡng Sức Chống Địch
Xiao Qiao,Tiểu Kiều,Soul Steal,Tranh Hồn Đoạt Mạng,[Nội chính] Tăng 13.5%→27% mị lực của Võ Tướng,"[Chủ động - 55%] Lấy trộm 19→38 Võ Lực, Trí Lực, Tốc Độ, Thống Soái của 1 quân địch (bị Trí Lực ảnh hưởng), duy trì 2 hiệp, được cộng dồn 2 lần",Thiên Hương
Cai Wenji,Thái Văn Cơ,Soul Steal,Tranh Hồn Đoạt Mạng,"[Chủ động - 50%] Trị liệu một nhóm quân ta (2 người, tỉ lệ trị liệu 61%→122%, chịu ảnh hưởng của trí lực) và có 50% xác suất khiến sát thương chính mình và một quân đồng minh gây ra tăng cao 13%→26% (chịu ảnh hưởng của trí lực), sát thương phải chịu giảm 13%→26% (chịu ảnh hưởng của trí lực), giám định riêng, duy trì 2 hiệp","[Chủ động - 55%] Lấy trộm 19→38 Võ Lực, Trí Lực, Tốc Độ, Thống Soái của 1 quân địch (bị Trí Lực ảnh hưởng), duy trì 2 hiệp, được cộng dồn 2 lần",Tiếng Sáo Dư Âm
Xun Yu,Tuân Úc,Surrounded on All Sides,Tứ Diện Sở Ca,[Nội chính] Tăng 36→72 Chính Trị của Võ Tướng,"[Chủ động - 50%] Chuẩn bị 1 hiệp, phóng trạng thái Trúng Độc cho tập thể quân địch (2 người), mỗi hiệp gây ra sát thương liên tục (tỷ lệ sát thương 72%→144%, bị Trí Lực ảnh hưởng), duy trì 2 hiệp",Vương Tá Chi Tài
Li Ru,Lý Nho,Surrounded on All Sides,Tứ Diện Sở Ca,"[Chủ động - 70%] Phóng cho 1 quân địch Rượu độc, giảm 30%→60% Võ Lực của mục tiêu (bị Trí Lực ảnh hưởng), duy trì 1 hiệp, sau 1 hiệp chất độc phát tác gây ra tấn công Mưu Lược (tỷ lệ sát thương 113%→226%, bị Trí Lực ảnh hưởng) và giảm 30→60 Thống Soái của mục tiêu (bị Trí Lực ảnh hưởng), được cộng dồn nhiều lần, cho đến khi chiến đấu kết thúc","[Chủ động - 50%] Chuẩn bị 1 hiệp, phóng trạng thái Trúng Độc cho tập thể quân địch (2 người), mỗi hiệp gây ra sát thương liên tục (tỷ lệ sát thương 72%→144%, bị Trí Lực ảnh hưởng), duy trì 2 hiệp",Rượu Độc
Cao Chun,Tào Thuần,Tiger Cavalry,Hổ Báo Kỵ,"[Binh chủng - Kỵ] Tiến bậc Lính Kỵ thành Hổ Báo Kỵ thiên hạ tinh nhuệ: Toàn thể quân ta tăng 20→40Võ Lực, chiến đấu 3 hiệp đầu, toàn thể quân ta tăng 5%→10% xác suất phát động Chiến Pháp đột kích, nếu Tào Thuần làm thống lĩnh, thì xác suất tăng phát động sẽ còn bị Võ Lực ảnh hưởng","[Binh chủng - Kỵ] Tiến bậc Lính Kỵ thành Hổ Báo Kỵ thiên hạ tinh nhuệ: Toàn thể quân ta tăng 20→40Võ Lực, chiến đấu 3 hiệp đầu, toàn thể quân ta tăng 5%→10% xác suất phát động Chiến Pháp đột kích, nếu Tào Thuần làm thống lĩnh, thì xác suất tăng phát động sẽ còn bị Võ Lực ảnh hưởng",Hổ Báo Kỵ
Guan Yu,Quan Vũ,Total Annihilation,Hoành Tảo Thiên Quân,"[Chủ động - 35%] Chuẩn bị 1 hiệp, tiến hành với quân địch công kích mạnh mẽ (tỉ lệ sát thương 73%→146%), khiến mục tiêu có 50% xác suất rơi vào trạng thái Giao binh khí (không thể tiến hành công kích thường), Tận kế (không thể phát động chiến pháp chủ động), Phán đoán độc lập, duy trì 1 hiệp, và khiến sát thương binh đao của chính mình gây ra tăng cao 18%→36%, duy trì 2 hiệp; khi chính mình là chủ tướng, xác suất mà hiệu quả khống chế gây ra tăng 65%","[Chủ động - 40%] Gây cho toàn thể quân địch 50%→100% sát thương Binh Đạo, nếu mục tiêu đã ở trong trạng thái Kế Tận hoặc Giao Binh Khí thì sẽ có 20%→30% xác suất làm cho mục tiêu rơi vào trạng thái Chấn Động (không thể hành động), duy trì 1 hiệp",Uy Chấn Hoa Hạ
Zhao Yun,Triệu Vân,Total Annihilation,Hoành Tảo Thiên Quân,"[Bị động] Trong quá trình chiến đấu, làm cho bản thân nhận trạng thái Quan Sát (miễn dịch tất cả hiệu ứng Khống Chế), Võ Lực, Trí Lực, tốc độ, Thống Soái tăng 20→40 điểm, khi bản thân là Chủ Tướng tăng lên 25–50 điểm","[Chủ động - 40%] Gây cho toàn thể quân địch 50%→100% sát thương Binh Đạo, nếu mục tiêu đã ở trong trạng thái Kế Tận hoặc Giao Binh Khí thì sẽ có 20%→30% xác suất làm cho mục tiêu rơi vào trạng thái Chấn Động (không thể hành động), duy trì 1 hiệp",Gan Góc Phi Thường
Xu Huang,Từ Hoảng,Unit Care,Hợp Tụ Quần Chúng,"[Bị động] Trong chiến đấu, sau mỗi lần gây ra sát thương binh đao, khiến sát thương binh đao do bản thân gây ra tăng 7.5%→15%, tối đa dồn 5 lần; Sau khi dồn 5 lần, sẽ giảm 8%→16% sát thương phải chịu của toàn thể quân ta (chịu ảnh hưởng Võ Lực), duy trì 2 hiệp","[Bị động] Trong quá trình chiến đấu, làm cho bản thân rơi vào trạng thái Nghỉ Ngơi, mỗi hiệp hồi phục Binh Lực nhất định (tỷ lệ hồi phục 62%→124%)",Tiến Quân Thần Tốc
Yuan Shao,Viên Thiệu,Unit Care,Hợp Tụ Quần Chúng,"[Chủ động - 50%] Chuẩn bị 1 hiệp, gây cho một nhóm quân địch (2 người) 1 lần tấn công binh đao (tỷ lệ sát thương 63%→126%), giảm 12→24 Thống Soái (bị Võ Lực ảnh hưởng) và phóng trạng thái Đốt Cháy, mỗi hiệp gây ra sát thương liên tục (tỷ lệ sát thương 30%→60%, bị Trí Lực ảnh hưởng), duy trì 2 hiệp, khi bản thân là Chủ tướng, tăng thêm 40→80 Thống Soái cho toàn thể quân ta, duy trì 3 hiệp","[Bị động] Trong quá trình chiến đấu, làm cho bản thân rơi vào trạng thái Nghỉ Ngơi, mỗi hiệp hồi phục Binh Lực nhất định (tỷ lệ hồi phục 62%→124%)",Công Danh Nhiều Đời
Lu Meng,Lữ Mông,Unrecognizable Change,Sĩ Biệt Tam Nhật,"[Chỉ huy] Chiến đấu hiệp đầu toàn thể quân ta nhận 1 lần chống đỡ, trong quá trình chiến đấu, khi bản thân gây ra sát thương Binh Đao sẽ có 25%→→50% xác suất khiến một quân địch Giao Binh Khí (không thể tiến hành tấn công thường), duy trì 2 hiệp, khi gây ra sát thương Mưu Lược có 25%→50% xác suất khiến một quân địch Kế Tận (không thể phát động Chiến Pháp chủ động), duy trì 1 hiệp, hiệu ứng này mỗi hiệp tối đa lần lượt kích hoạt 1 lần","[Bị động] Chiến đấu 3 hiệp đầu, không thể tiến hành tấn công thường nhưng được nhận 15%→30% xác suất hiệu ứng Né Tránh, hiệp thứ 4 sẽ tăng cho bản thân 34–68 điểm Trí Lực và gây cho toàn thể quân địch sát thương Mưu Lược (tỷ lệ sát thương 90%→180%, bị Trí Lực ảnh hưởng)",Bạch Y Độ Giang
Ma Chao,Mã Siêu,Unstoppable,Đánh Đâu Thắng Đó,"[Bị động] Trong quá trình chiến đấu, làm cho bản thân nhận 17→34 điểm Võ Lực và 27%→54% hiệu ứng tấn công nhóm (khi tấn công thường gây ra sát thương cho các Võ Tướng khác cùng đội quân với mục tiêu), khi bản thân là Chủ Tướng, điểm tấn công nhóm là 30%→60%","[Chủ động - 30%] Chuẩn bị 1 hiệp, phát động 1 lần tấn công Binh Đạo cho toàn thể quân địch (tỷ lệ sát thương 123%→246%)",Giáo Huyết Tung Hoành
Xu Chu,Hứa Chử,Unstoppable,Đánh Đâu Thắng Đó,"[Bị động] Trong quá trình chiến đấu, mỗi hiệp chọn cá thể quân địch, tất cả tấn công mà bản thân phát động đều khóa chặt vào mục tiêu này và sát thương gây ra tăng 16.5%→33%, nếu đánh bại mục tiêu sẽ khiến bản thân nhận được trạng thái Phá Trận (khi gây ra sát thương sẽ bỏ qua Thống Soái và Trí Lực của mục tiêu), cho đến khi kết thúc chiến đấu","[Chủ động - 30%] Chuẩn bị 1 hiệp, phát động 1 lần tấn công Binh Đạo cho toàn thể quân địch (tỷ lệ sát thương 123%→246%)",Hổ Dại
Wang Ping,Vương Bình,Unstoppable Elites,Vô Đương Phi Quân,"[Binh chủng - Cung] Tiến bậc Lính Cung thành Vô Đương Phi Quân trăm phát trăm trúng: Thống Soái, Tốc độ của toàn thể quân ta tăng 11→→22 điểm, hiệp đầu phóng cho một nhóm quân địch (2 người) trạng thái Trúng Độc, mỗi hiệp gây ra sát thương liên tục (tỷ lệ sát thương 40%→80%, bị Trí Lực ảnh hưởng), duy trì 3 hiệp; nếu Vương Bình làm thống lĩnh thì sẽ phóng cho toàn thể quân địch trạng thái Trúng Độc, nhưng tỷ lệ sát thương giảm (tỷ lệ sát thương 33%→66%, bị Trí Lực ảnh hưởng)","[Binh chủng - Cung] Tiến bậc Lính Cung thành Vô Đương Phi Quân trăm phát trăm trúng: Thống Soái, Tốc độ của toàn thể quân ta tăng 11→→22 điểm, hiệp đầu phóng cho một nhóm quân địch (2 người) trạng thái Trúng Độc, mỗi hiệp gây ra sát thương liên tục (tỷ lệ sát thương 40%→80%, bị Trí Lực ảnh hưởng), duy trì 3 hiệp; nếu Vương Bình làm thống lĩnh thì sẽ phóng cho toàn thể quân địch trạng thái Trúng Độc, nhưng tỷ lệ sát thương giảm (tỷ lệ sát thương 33%→66%, bị Trí Lực ảnh hưởng)",Vô Đương Phi Quân
Lu Bu,Lữ Bố,Unstoppable Rider,Nhất Kỵ Đương Thiên,"[Chủ động - 25%→35%] Phát động quyết đấu với cá thể quân địch, khi quyết đấu hai bên lần lượt tấn công thường đối phương 3 lần, bản thân ra tay trước. Trong quá trình quyết đấu, hai bên không bị trạng thái Giao Binh Khí và Chấn Động ảnh hưởng, đồng thời có thể kích hoạt trạng thái tấn công nhóm và Chiến Pháp đột kích; khi bản thân là Chủ Tướng, sau khi quyết đấu bản thân sẽ giảm 3.5%→7% sát thương Binh Đao nhận phải (bị Võ Lực ảnh hưởng), duy trì 2 hiệp (Xác suất phát động 25%→35%)","[Đột kích - 30%] Sau khi tấn công thường, phát động 1 lần tấn công Binh Đạo cho toàn thể quân địch (tỷ lệ sát thương 36%→72%); khi bản thân là Chủ Tướng, lần tấn công Binh Đao này sẽ càng mạnh (tỷ lệ sát thương 54%→108%)",Thiên Hạ Vô Song
Chen Dao,Trần Đáo,White Guard,Bạch Nhị Binh,"[Binh chủng - Thương] Tiến bậc Lính Thương thành Bạch Nhị Binh đã đánh là thắng: khi chiến đấu, sau khi toàn thể quân ta tấn công thường, sẽ có 20%→40% xác suất lại tạo ra 1 lần tấn công Mưu Lược vào mục tiêu tấn công (tỷ lệ sát thương 55%→110%, bị Trí Lực ảnh hưởng); nếu Trần Đáo làm thống lĩnh thì tấn công Mưu Lược sẽ càng mạnh hơn (tỷ lệ sát thương 65%→130%, bị Trí Lực ảnh hưởng)","[Binh chủng - Thương] Tiến bậc Lính Thương thành Bạch Nhị Binh đã đánh là thắng: khi chiến đấu, sau khi toàn thể quân ta tấn công thường, sẽ có 20%→40% xác suất lại tạo ra 1 lần tấn công Mưu Lược vào mục tiêu tấn công (tỷ lệ sát thương 55%→110%, bị Trí Lực ảnh hưởng); nếu Trần Đáo làm thống lĩnh thì tấn công Mưu Lược sẽ càng mạnh hơn (tỷ lệ sát thương 65%→130%, bị Trí Lực ảnh hưởng)",Bạch Nhị Binh
Gongsun Zan,Công Tôn Toản,White Horse Brigade,Bạch Mã Nghĩa Tòng,"[Binh chủng - Cung] Tiến bậc Lính Cung thành Bạch Mã Nghĩa Tòng cưỡi ngựa bắn tên điêu luyện: Tốc độ đội quân hành quân tăng 25%→50%, toàn thể quân ta chiến đấu 2 hiệp đầu nhận Tiến Công Trước (ưu tiên hành động) và tăng 5%→10% xác suất phát động Chiến Pháp chủ động; nếu Công Tôn Toản thống lĩnh, sẽ tăng xác suất phát động bị Tốc độ ảnh hưởng","[Binh chủng - Cung] Tiến bậc Lính Cung thành Bạch Mã Nghĩa Tòng cưỡi ngựa bắn tên điêu luyện: Tốc độ đội quân hành quân tăng 25%→50%, toàn thể quân ta chiến đấu 2 hiệp đầu nhận Tiến Công Trước (ưu tiên hành động) và tăng 5%→10% xác suất phát động Chiến Pháp chủ động; nếu Công Tôn Toản thống lĩnh, sẽ tăng xác suất phát động bị Tốc độ ảnh hưởng",Bạch Mã Nghĩa Tòng
Ma Teng,Mã Đằng,Xiliang Cavalry,Tây Lương Thiết Kỵ,"[Binh chủng - Kỵ] Tiến bậc Lính Kỵ thành Tây Lương Thiết Kỵ tung hoành thiên hạ: Chiến đấu 3 hiệp đầu, tăng cho toàn thể quân ta 12.5%→25% xác suất Hội Tâm (khi kích hoạt sát thương Binh Đao tăng 100%); nếu Mã Đằng làm thống lĩnh, thì tăng xác suất Hội Tâm sẽ bị tốc độ ảnh hưởng","[Binh chủng - Kỵ] Tiến bậc Lính Kỵ thành Tây Lương Thiết Kỵ tung hoành thiên hạ: Chiến đấu 3 hiệp đầu, tăng cho toàn thể quân ta 12.5%→25% xác suất Hội Tâm (khi kích hoạt sát thương Binh Đao tăng 100%); nếu Mã Đằng làm thống lĩnh, thì tăng xác suất Hội Tâm sẽ bị tốc độ ảnh hưởng",Tây Lương Thiết Kỵ
Liu Bei,Lưu Bị,Zhaolie the Benevolent,Nghĩa Tâm Chiêu Liệt,"[Chỉ huy] Mỗi hiệp Trị Liệu tập thể quân ta (2 người, tỷ lệ Trị Liệu 34%→68%, bị Trí Lực ảnh hưởng), và giảm sát thương chịu phải 4% (bị Trí Lực ảnh hưởng), duy trì 1 hiệp, có 5%→10% xác suất phóng cho cá thể quân địch trạng thái Suy Nhược (không thể gây ra sát thương), duy trì 1 hiệp, khi bản thân là Chủ Tướng, xác suất phóng trạng thái Suy Nhược tăng 12.5%→25%","[Chỉ huy] Trong quá trình chiến đấu, khi bản thân tự tạo ra hiệu ứng Trị Liệu, khiến sát thương Chiến Pháp chủ động mục tiêu phải chịu giảm 7%→14% (bị Trí Lực ảnh hưởng), duy trì 1 hiệp, khi Binh Lực của bản thân lần đầu tiên thấp hơn 30%→40%, làm cho khi toàn thể quân ta chịu sát thương sẽ chia đều 25%→50% sát thương, duy trì 1 hiệp",Nhân Đức Tải Thế
Sun Shang Xiang,Tôn Thượng Hương,Blind Union,Liên Minh,"[Chỉ huy] Trước khi phát động tấn công thường, gây cho một quân địch sát thương Binh Đao (tỷ lệ sát thương 61%→122%), khi bản thân có trạng thái Buff mang tính năng, gây thêm cho mục tiêu sát thương Binh Đao (tỷ lệ sát thương 10% 20%x số trạng thái) và tăng 9→18Võ Lực, tối đa cộng dồn 5 lần","[Chủ động - 30%→45%] Chọn cá thể quân Đồng Minh khác giới, duy trì 2 hiệp, khi mục tiêu nhận được hiệu ứng Trị Liệu hoặc trạng thái tăng ích mang tính năng, thì bản thân có 45% −90% xác suất nhận hiệu ứng tương đồng (hiệu ứng Trị Liệu là 50%)(Xác suất phát động 30%→45%) ",Cung Yêu Cơ
Zhang Liao,Trương Liêu,Frontline Hero,Dũng Giả Hàng Đầu,"[Bị động] Trong quá trình chiến đấu, làm cho bản thân tấn công thường mục tiêu có 34%→68% xác suất khóa tướng chính quân địch, xác suất phát động Chiến Pháp đột kích của bản thân tăng 7.5%→15% và sau khi bản thân phát động Chiến Pháp đột kích thành công, phát động thêm 1 lần tấn công Binh Đạo vào mục tiêu (tỷ lệ sát thương 47.5%95%); khi bản thân là Chủ Tướng, nhận 3%→6% Làm Phản","[Đột kích - 45%] Sau khi tấn công thường khiến bản thân nhận được 1 lần Chống Đỡ, có thể miễn dịch sát thương, và làm cho sát thương Chiến Pháp chủ động tiếp theo tăng 40%→80%",Tập Kích Trận Địa
Zhangji,Trương Cơ,Frontline Hero,Dũng Giả Hàng Đầu,"[Bị động] Sau mỗi lần tấn công thường, giảm 7.5→15 Thống Soái của phe địch, đem nó chuyển hóa thành Võ Lực của bản thân, cho đến khi kết thúc chiến đấu, mỗi khi tấn công thường lần thứ 4, sát thương tăng 50%→100% và gây sát thương cho toàn thể quân địch","[Đột kích - 45%] Sau khi tấn công thường khiến bản thân nhận được 1 lần Chống Đỡ, có thể miễn dịch sát thương, và làm cho sát thương Chiến Pháp chủ động tiếp theo tăng 40%→80%",Phấn Mâu Anh Tư
Sima Yi,Tư Mã Ý,Transcendence,Dụng Võ Thần Thông,"[Chỉ huy] Chiến đấu trong 4 hiệp đầu, mỗi hiệp có 80% xác suất khiến chính mình nhận được 3.5%→7% Công tâm hoặc tỉ lệ kỳ mưu (mỗi loại hiệu ứng tối đa chồng lặp 2 lần); từ hiệp thứ 5, mỗi hiệp có 80% xác suất gây cho 1-2 đơn thể quân địch sát thương mưu lược (tỉ lệ sát thương 77%→154%, chịu ảnh hưởng của trí lực); khi chính mình là chủ tướng, nhận được 8%→16% tỉ lệ kỳ mưu","[Chỉ huy] Bắt đầu chiến đấu hiệp thứ 2, 4, 6, 8, sẽ lần lượt gây cho một nhóm quân địch (2 người) 37.5%→75%, 52.5%→105%, 67.5%→135%, 82.5%→165% sát thương Mưu Lược (bị Trí Lực ảnh hưởng)",Ưng Thị Lang Cố
Pang Tong,Bàng Thống,Troop Revive,Thừa Địch Bất Ngu,"[Chủ động - 35%] Chuẩn bị 1 hiệp, phóng cho toàn bộ địch Dây sắt liên hoàn, khiến 1 mục tiêu bất kỳ khi bị sát thương sẽ phản hồi 7.5%→15% (chịu ảnh hưởng của trí lực) sát thương cho đơn vị khác, duy trì 2 hiệp, và phát động công kích mưu lược (tỷ lệ sát thương 78%→156%, chịu ảnh hưởng của trí lực)","[Chủ động - 35%] Chuẩn bị 1 hiệp, làm cho tướng chính quân địch rơi vào trạng thái Suy Nhược (không thể gây ra sát thương), duy trì 2 hiệp, và làm cho tướng chính quân ta rơi vào trạng thái Nghỉ Ngơi (mỗi hiệp hồi 1 lần 54%→108% Binh Lực, bị Trí Lực ảnh hưởng), duy trì 2 hiệp",Liên Hoàn Kế
Ma Yun Lu,Mã Vân Lộc,Troop Revive,Thừa Địch Bất Ngu,"[Bị động] Sát thương tấn công thường tăng 30%→60% (bị Binh Lực tổn thất của mục tiêu ảnh hưởng), khi chiến đấu hiệp thứ 5, khóa cá thể quân địch có Binh Lực thấp nhất cho đến khi kết thúc chiến đấu, và khi tấn công thường có 35% 70% xác suất khiến mục tiêu rơi vào trạng thái Cấm Trị Liệu (không thể hồi phục Binh Lực), duy trì 1 hiệp","[Chủ động - 35%] Chuẩn bị 1 hiệp, làm cho tướng chính quân địch rơi vào trạng thái Suy Nhược (không thể gây ra sát thương), duy trì 2 hiệp, và làm cho tướng chính quân ta rơi vào trạng thái Nghỉ Ngơi (mỗi hiệp hồi 1 lần 54%→108% Binh Lực, bị Trí Lực ảnh hưởng), duy trì 2 hiệp",Si Điều Phượng Tư
Zhang Hong,Trương Hoành,Wit,Trí Kế,"[Nội chính] Khi ủy nhiệm Võ Tướng làm Quan Thuế, sản lượng Xu tăng 1.5%→3%","[Chủ động - 55%] Khiến nhóm quân địch (2 người) giảm 19→38 Võ Lực, Trí Lực (bị Trí Lực ảnh hưởng), duy trì 2 hiệp, tối đa cộng dồn 2 lần",Kỳ Thi Kinh Lược
Chen Gong,Trần Cung,Wit,Trí Kế,"[Chỉ huy] Trong quá trình chiến đấu, mỗi hiệp đều có 50%→70% xác suất khiến cá thể quân địch ngẫu nhiên trở thành đào binh (tỷ lệ sát thương 70%→140%, bị Trí Lực ảnh hưởng, bỏ qua phòng ngự)","[Chủ động - 55%] Khiến nhóm quân địch (2 người) giảm 19→38 Võ Lực, Trí Lực (bị Trí Lực ảnh hưởng), duy trì 2 hiệp, tối đa cộng dồn 2 lần",Bách Kế Đa Mưu
Mu Lu Da Wang,Mộc Lộc Đại Vương,Elephant Troops,Tượng Binh,"[Binh chủng - Kỵ] Tiến bậc Lính Kỵ thành Tượng Binh không gì kiêng sợ: Điểm công thành cơ bản của đội quân tăng 25% nhưng Tốc độ hành quân hành quân giảm 50%, sẽ lùi 25%→50% sát thương nhận phải tiến hành tổng kết dần trong vòng 3 hiệp, và sát thương tổng kết giảm 10%→20%, khi bản thân Đốt Cháy sẽ nhận 50% tấn công nhóm và Hỗn loạn; nếu Man tộc thống lĩnh, cứ nhiều thêm 1 Man tộc thì sát thương tổng kết của Võ Tướng sẽ giảm thêm 5%→10%","[Binh chủng - Kỵ] Tiến bậc Lính Kỵ thành Tượng Binh không gì kiêng sợ: Điểm công thành cơ bản của đội quân tăng 25% nhưng Tốc độ hành quân hành quân giảm 50%, sẽ lùi 25%→50% sát thương nhận phải tiến hành tổng kết dần trong vòng 3 hiệp, và sát thương tổng kết giảm 10%→20%, khi bản thân Đốt Cháy sẽ nhận 50% tấn công nhóm và Hỗn loạn; nếu Man tộc thống lĩnh, cứ nhiều thêm 1 Man tộc thì sát thương tổng kết của Võ Tướng sẽ giảm thêm 5%→10%",Tượng Binh
Jia Xu,Giả Hủ,False Documents,Nguỵ Thư Tương Gian,"[Chủ động - 65%] Làm cho một quân địch Hỗn Loạn trong 2 hiệp, và giám định lần lượt toàn thể quân địch quân ta ngoại trừ bản thân: Nếu chưa Hỗn Loạn sẽ có 25% 35% xác suất làm cho mục tiêu Hỗn Loạn trong 2 hiệp; quân Đồng Minh đã Hỗn Loạn thì sẽ xóa trạng thái tiêu cực (khi bản thân là Chủ tướng, tăng 6%→12% sát thương gây ra, bị Trí Lực ảnh hưởng, duy trì 2 hiệp); khi quân địch đã Hỗn Loạn, sẽ gây tấn công Mưu Lược cho mục tiêu (tỷ lệ sát thương 87.5%→175%, bị Trí Lực ảnh hưởng)","[Chủ động - 45%] Gây cho cá thể quân địch sát thương Mưu Lược (tỷ lệ sát thương 103%206%, bị Trí Lực ảnh hưởng), nếu mục tiêu trong trạng thái Hỗn Loạn thì sẽ khiến mục tiêu phát động tấn công vào cá thể quân Đồng Minh (tỷ lệ sát thương 93% 186%, loại hình tùy thuộc hai hạng mục Võ Lực, Trí Lực bên nào cao hơn), nếu không sẽ phóng trạng thái Hỗn Loạn (tấn công và Chiến Pháp sẽ không phân biệt khi lựa chọn mục tiêu), duy trì 1 hiệp.",Thần Cơ Khó Đoán
Ling Tong,Lăng Thống,Ready the Horses,Hoành Qua Dược Mã,"[Chỉ huy] Chiến đấu 3 hiệp đầu, làm cho cá thể quân Đồng Minh và bản thân nhận trạng thái Tiến Công Trước (ưu tiên hành động) và Tất Trúng (bỏ qua trạng thái Né Tránh đánh trúng mục tiêu), sát thương gây ra tăng 10%→20% (bị tốc độ ảnh hưởng)","[Chỉ huy] 3 hiệp đầu, sát thương mưu lược do tập thể hai phe gây ra giảm 15%→30%; hiệp 3 trở đi, sát thương binh đao do toàn thể quân ta gây ra tăng 10%→20% (chịu ảnh hưởng tốc độ), duy trì đến kết thúc chiến đấu",Quốc Thổ Tướng Phong
Hao Zhao,Hác Chiêu,Ready the Horses,Hoành Qua Dược Mã,"[Chỉ huy] Không thể phát động tấn công thường (không thể bị tịnh hóa), cứ 2 hiệp lần lượt tiến hành: Trị Liệu một nhóm quân ta (2 người, tỷ lệ Trị Liệu 49%98%, bị Trí Lực ảnh hưởng); gây ra sát thương Binh Đao (tỷ lệ sát thương 51% 102%) và trạng thái Đốt Cháy cho một nhóm quân địch, mỗi hiệp gây ra sát thương liên tục (tỷ lệ sát thương 36%→72%, bị Trí Lực ảnh hưởng), duy trì 1 hiệp","[Chỉ huy] 3 hiệp đầu, sát thương mưu lược do tập thể hai phe gây ra giảm 15%→30%; hiệp 3 trở đi, sát thương binh đao do toàn thể quân ta gây ra tăng 10%→20% (chịu ảnh hưởng tốc độ), duy trì đến kết thúc chiến đấu",Thành Trì Vững Chắc
Jiang Wan,Tưởng Uyển,Uncanny Strategy,Kế Hay Mưu Giỏi,"[Nội chính] Khi ủy nhiệm Võ Tướng làm Quan Đá, sản lượng đá tăng 1.5%→3%","[Chỉ huy] Chiến đấu 3 hiệp đầu, làm cho sát thương Binh Đao của Võ Tướng quân địch có Võ Lực cao nhất gây ra giảm 14%→28% (bị Tốc độ ảnh hưởng), khiến sát thương Mưu Lược của Võ Tướng quân địch có Trí Lực cao nhất gây ra giảm 14%→28% (bị Tốc độ ảnh hưởng)",Khắc Tôn Hoạ Nhất
Lu Su,Lỗ Túc,Uncanny Strategy,Kế Hay Mưu Giỏi,"[Chỉ huy] Khi chiến đấu hiệp thứ 2 hiệp, đem 20%−40% thuộc tính của bản thân giao cho quân Đồng Minh có Binh Lực thấp nhất, hiệp thứ 3-5 hiệp sẽ hồi phục cho một quân ta có Binh Lực thấp nhất (tỷ lệ Trị Liệu 142%→284%, bị Trí Lực ảnh hưởng) và khiến mục tiêu giảm 13%→26% sát thương nhận vào (bị Trí Lực ảnh hưởng), duy trì 1 hiệp","[Chỉ huy] Chiến đấu 3 hiệp đầu, làm cho sát thương Binh Đao của Võ Tướng quân địch có Võ Lực cao nhất gây ra giảm 14%→28% (bị Tốc độ ảnh hưởng), khiến sát thương Mưu Lược của Võ Tướng quân địch có Trí Lực cao nhất gây ra giảm 14%→28% (bị Tốc độ ảnh hưởng)",Cách Hay Cứu Trợ
Lu Kang,Lục Kháng,Continuous Pursuit,Thừa Thắng Trưởng Khu,"[Chỉ huy] Trong chiến đấu, Tướng Chính phe ta tăng 7%→14% Công Tâm, 7%→14% tỷ lệ Kỳ Mưu (bị Trí Lực ảnh hưởng, khi kích hoạt Kỳ Mưu, sát thương Mưu Lược tăng 100%) và 20% sát thương Kỳ Mưu, đồng thời gánh chịu 15%→30% sát thương cho Tướng Chính (bản thân là Tướng Chính sẽ vô hiệu)","[Bị động] Trong khi chiến đấu, mỗi hiệp khiến sát thương bản thân gây ra tăng 5.5%→11%, được cộng dồn đến khi kết thúc chiến đấu",Hiệu Thắng Duy Ác
Gao Lan,Cao Lãm,Continuous Pursuit,Thừa Thắng Trưởng Khu,"[Chủ động - 35%] Gây cho cá thể quân địch sát thương Binh Đao (tỷ lệ sát thương 117.5%→235%) và trạng thái Cấm Trị Liệu (không thể hồi phục Binh Lực), duy trì 3 hiệp, và khiến xác suất phát động Chiến Pháp mang theo của cá thể quân Đồng Minh có trạng thái xấu tăng 5%→10%, duy trì 1 hiệp","[Bị động] Trong khi chiến đấu, mỗi hiệp khiến sát thương bản thân gây ra tăng 5.5%→11%, được cộng dồn đến khi kết thúc chiến đấu",Trấn Quân Kích Doanh
Yan Yan,Nghiêm Nhan,Lone Defender,Nhất Lực Cự Thủ,"[Chủ động - 25%→35%] Chuẩn bị 1 hiệp, khiến Tập thể quân ta (2 người) rơi vào trạng thái Quan Sát (miễn dịch tất cả hiệu ứng Khống Chế), duy trì 2 hiệp, và khiến bản thân trong vòng 2 hiệp khi nhận 1 lần sát thương Mưu Lược, sẽ Kế Tận (không thể phát động Chiến Pháp chủ động) tướng chính quân địch, duy trì 2 hiệp (Xác suất phát động 25%→35%)","[Chủ động - 55%] Khôi phục Binh Lực của bản thân (tỷ lệ Trị Liệu 134%→268%) và tăng 10.5→21 Thống Soái, tối đa cộng dồn 2 lần, duy trì 3 hiệp; khi bản thân là Phó Tướng, khối phục Binh Lực phụ thuộc vào Võ Lực",Thệ Thủ Vô Hàng
Zhou Tai,Chu Thái,Lone Defender,Nhất Lực Cự Thủ,"[Bị động] Trong quá trình chiến đấu, gánh chịu sát thương cho quân Đồng Minh (15%→30%, Chủ tướng quân Đồng Minh là 30%→60%)(sát thương Binh Đạo gánh chịu còn bị Thống Soái của bản thân ảnh hưởng mà giảm đi), khi Binh Lực của quân Đồng Minh cao hơn 70%, sẽ làm cho sát thương gây ra tăng 12%→18% (bị Thống Soái ảnh hưởng), nếu Chủ tướng là Tôn Quyền, giá trị cơ bản của tăng sát thương gây ra tăng lên 20%→30%","[Chủ động - 55%] Khôi phục Binh Lực của bản thân (tỷ lệ Trị Liệu 134%→268%) và tăng 10.5→21 Thống Soái, tối đa cộng dồn 2 lần, duy trì 3 hiệp; khi bản thân là Phó Tướng, khối phục Binh Lực phụ thuộc vào Võ Lực",Thân Hình Sắt Đá
Zhang Chun Hua,Trương Xuân Hoa,Master Strategist,Vận Trù Quyết Toán,"[Chủ động - 40%] Làm cho tập thể quân địch (2 người) giảm 30% Thống Soái, Trí Lực, duy trì 2 hiệp, và gây ra sát thương Mưu Lược (tỷ lệ sát thương 78%→156%, bị Trí Lực ảnh hưởng)","[Chủ động - 45%] (Kỵ,Cung chuyên dụng) Chuẩn bị 1 hiệp, phát động 1 lần tấn công Mưu Lược cho toàn thể quân địch (tỷ lệ sát thương 88%→176%, bị Trí Lực ảnh hưởng)",Trầm Đoạn Cơ Mưu
Yuan Shu,Viên Thuật,Sieze Opportunity,Hình Cơ Quân Lược,"[Bị động] Một hiệp chiến đấu bất kỳ trong 2 hiệp đầu, bản thân nhận Ngọc Tỷ, tăng 50%→100% xác suất Hội Tâm và xác suất Kỳ Mưu, mỗi hiệp giảm dần cho đến khi hiệp chiến đấu thứ 8 giảm xuống còn 0, khi bản thân là Chủ tướng, tăng xác suất phát động Chiến Pháp chủ động (12.5%→25%, Chiến Pháp chuẩn bị là 17.5%→35%), đồng thời cũng sẽ giảm dần","[Chủ động - 40%] Gây cho cá thể quân địch 1 lần tấn công Binh Đao (tỷ lệ sát thương 105%→210%) và tấn công Mưu Lược (tỷ lệ sát thương 90%→180%, bị Trí Lực ảnh hưởng)",Phù Mệnh Tự Lập
Jiang Wei,Khương Duy,Sieze Opportunity,Hình Cơ Quân Lược,"[Bị động] Trong quá trình chiến đấu, hiệp số lẻ sẽ gây cho một quân địch 92%→184% sát thương Binh Đạo và giảm 32→64 điểm Võ Lực, duy trì 2 hiệp, hiệp số chẵn sẽ gây cho một nhóm quân địch (2 người) 38%→76% sát thương Mưu Lược (bị Trí Lực ảnh hưởng) và giảm 17–34 điểm Trí Lực, duy trì 2 hiệp; khi bản thân là Chủ tướng, giảm hiệu ứng thuộc tính sẽ bị thuộc tính tương ứng của bản thân ảnh hưởng","[Chủ động - 40%] Gây cho cá thể quân địch 1 lần tấn công Binh Đao (tỷ lệ sát thương 105%→210%) và tấn công Mưu Lược (tỷ lệ sát thương 90%→180%, bị Trí Lực ảnh hưởng)",Nghĩa Đản Hùng Tâm
Xun You,Tuân Du,Master Strategist,Vận Trù Quyết Toán,"[Chủ động - 45%] Xóa trạng thái tăng ích của tập thể quân địch (1-2 người), toàn thể quân ta có 1 hiệp với xác suất phát động Chiến Pháp chủ động tăng 3%→6% (bị Trí Lực ảnh hưởng) và làm cho lần sau mục tiêu phát động Chiến Pháp chủ động sẽ gây ra tấn công Mưu Lược cho cá thể quân địch, (tỷ lệ sát thương 51%→102%, bị Trí Lực ảnh hưởng)","[Chủ động - 45%] (Kỵ,Cung chuyên dụng) Chuẩn bị 1 hiệp, phát động 1 lần tấn công Mưu Lược cho toàn thể quân địch (tỷ lệ sát thương 88%→176%, bị Trí Lực ảnh hưởng)",Thập Nhị Kỳ Sách
Cai Yong,Thái Ung,Politics Expert,Kinh Thuật Chính Yếu,[Nội Chính] Tăng 15→30 Chính Trị của Võ Tướng,"[Nội Chính] Khi ủy nhiệm Võ Tướng làm Quan Gỗ, sản lượng gỗ tăng từ 1,5%→3%.",Biết Được Gỗ Tốt
Wei Yan,Ngụy Diên,Undefeatable Might,Uy Mưu Vô Địch,"[Bị động] Trong chiến đấu, khi tự mình phát động chuẩn bị chiến pháp, có 75% xác suất (chịu võ lục ảnh hưởng) giảm 1 hiệp thời gian chuẩn bị, chiến đấu 4 hiệp đầu, sát thương chiến pháp chủ động gây ra tăng cao 15%→30% (chịu ảnh hưởng của võ lực), ở hiệp thứ 5, nếu binh lực của chính mình thấp hơn 50%, nhận được 22.5%→45% làm phản, cho đến khi chiến đấu kết thúc","[Chủ động - 40%] Chuẩn bị 1 hiệp, gây cho quần thể quân địch (2 người) trạng thái yếu (không thể gây ra sát thương), duy trì 2 hiệp; nếu mục tiêu đã ở trạng thái yêu sẽ khiến mục tiêu rơi vào trạng thái đào phản, mỗi hiệp duy trì sát thương (tỉ lệ sát thương 79%→158%, chịu ảnh hưởng của một trong hai mục cao nhất giữa võ lực hoặc trí lực, bỏ qua phòng ngự) duy trì 2 hiệp (Xác suất phát động 25%→40%)",Kỳ Binh Gian Đạo
Ju Shou,Thư Thụ,Undefeatable Might,Uy Mưu Vô Địch,"[Chỉ huy] Trong chiến đấu, gây cho một nhóm quân đồng minh trạng thái tiêu cực, có 19%→38% xác suất (chịu ảnh hưởng trí lực) khiến thời gian duy trì trạng thái tiêu cực tăng 1 hiệp (hỗn loạn và ngụy báo không thể có hiệu lực), sau khi chính mình công kích phổ thông, gây ra cho đơn thể quân địch có trạng thái tiêu cực nhiều nhất công kích mưu lược (tỉ lệ sát thương 57%→114%, chịu ảnh hưởng trí lực) nếu quân địch đều không có trạng thái tiêu cực sẽ phục hồi binh lực cho đơn thể quân địch có tổn thất binh lực lớn nhất (tỉ lệ trị liệu 46%→92%, chịu ảnh hưởng của trí lực)","[Chủ động - 40%] Chuẩn bị 1 hiệp, gây cho quần thể quân địch (2 người) trạng thái yếu (không thể gây ra sát thương), duy trì 2 hiệp; nếu mục tiêu đã ở trạng thái yêu sẽ khiến mục tiêu rơi vào trạng thái đào phản, mỗi hiệp duy trì sát thương (tỉ lệ sát thương 79%→158%, chịu ảnh hưởng của một trong hai mục cao nhất giữa võ lực hoặc trí lực, bỏ qua phòng ngự) duy trì 2 hiệp (Xác suất phát động 25%→40%)",Giám Thống Chấn Xa
SP Yuan Shao,SP Viên Thiệu,U-Shape Formation,Cơ Hình Trận,"[Bị động] Khi chiến đấu bắt đầu, vác lên ống tên, tiếp tên 10 lần (khi số lần bằng 0 sẽ vô hiệu hóa), mỗi hiệp bắn 2 lần, có 50% xác suất (chịu ảnh hưởng của võ lực) bắn thêm 1 lần, gây cho đơn thể quân địch sát thương binh đao (mục tiêu mỗi lần được chọn độc lập, tỉ lệ sát thương 41%→82%) và có 50% xác suất khiến sát thương mà mục tiêu phải chịu tăng 3%−6%, có thể chồng lên 2 lần, hiệp đầu gây thêm hiệu ứng giao binh khí, mỗi hiệp có 37.5%→75% xác suất không thể công kích phổ thông, duy trì 2 hiệp; khi chính mình là chủ tướng, mỗi hiệp sẽ tiếp tên 1 lần","[Pháp trận] Chiến đấu 3 hiệp đầu, gây cho chủ tướng quân địch sát thương giảm 20% 40% (chịu ảnh hưởng của võ lực), và khiến sát thương binh đao mà phó tướng ngẫu nhiên của quân ta phải chịu giảm 9%→18%, sát thương mưu lược mà một phó tướng khác phải chịu giảm 9%→18%",Cao Lỗ Liên Doanh
Guan Yinping,Quan Ngân Bình,U-Shape Formation,Cơ Hình Trận,"[Chủ động - 60%] Gây cho một nhóm quân địch (2 người) sát thương binh đao (tỉ lệ sát thương 64%→128%) và hiệu Quả Hổ cáu: hiệp 1 sau sẽ nhận thêm sát thương binh đao (tỉ lệ sát thương 10%→20%, khi mỗi lần mục tiêu chịu phải sát thương, tỉ lệ sát thương tăng 15% 30%, tối đa chồng lên 3 lần), nếu trong thời gian mục tiêu có hiệu ứng Hổ cáu chịu 3 lần sát thương, lập tức tổng kết hiệu ứng Hổ cáu và gây thêm 1 hiệp Chấn động, và khiến chính mình gây ra sát thương binh đao tăng 4%→8% (hiệu ứng tăng sát thương binh đao có thể chồng lên)","[Pháp trận] Chiến đấu 3 hiệp đầu, gây cho chủ tướng quân địch sát thương giảm 20% 40% (chịu ảnh hưởng của võ lực), và khiến sát thương binh đao mà phó tướng ngẫu nhiên của quân ta phải chịu giảm 9%→18%, sát thương mưu lược mà một phó tướng khác phải chịu giảm 9%→18%",Con Gái Tướng Môn
SP Zhou Yu,SP Chu Du,Soaring Blaze,Lửa Đuổi Gió Bay,"[Chỉ huy] Trong chiến đấu, mỗi hiệp khiến sát thương mưu lược mà toàn thể quân địch phải chịu tăng 2%→4% (chịu ảnh hưởng trí lực), có thể cộng dồn, có xác suất (12.5%→25%, mỗi khi có một quân địch ở trạng thái đốt cháy hoặc thủy công, tăng cao 2%→4%) sát thương mưu lược gây ra cho đơn thể quân địch (tỉ lệ sát thương 73%→146%, chịu ảnh hưởng của trí lực); khi chính mình là chủ tướng, tỉ lệ cơ bản tăng cao đến 17.5%→35% và mục tiêu của lần công kích đó sẽ khóa đơn thể quân địch có binh lực thấp nhất","[Chủ động - 35%] Gây cho một quân địch công kích mưu lược (tỉ lệ sát thương 113%→226%, chịu ảnh hưởng của trí lực) và trạng thái chấn động (không thể hành động) và có 40% xác suất khiến sát thương mưu lược mà mục tiêu phải chịu tăng 6%→12% (chịu ảnh hưởng của trí lực), duy trì 1 hiệp",Giang Thiên Trường Diệm
SP Zhuge Liang,SP Gia Cát Lượng,Soaring Blaze,Lửa Đuổi Gió Bay,"[Chỉ huy] Trong chiến đấu, hiệp số lẻ có 16%→32% xác suất (chịu ảnh hưởng của trí lực), hiệp số chẵn có 37.5%→75% xác suất (chịu ảnh hưởng của trí lực) khiến xác suất phát động chiến pháp chủ động tự mang của một quân đồng minh tăng 100% và có 12.5%→25% xác suất bỏ qua 1 hiệp chuẩn bị, duy trì 1 hiệp; khi chính mình là chủ tướng, khi kích hoạt sẽ thêm sát thương mưu lược gây ra cho đơn thể quân địch (tỉ lệ sát thương 22.5%→45%, chịu ảnh hưởng của trí lực và chênh lệch trí lực của hai bên) và tỉ lệ bỏ qua tăng cao 40%→80%","[Chủ động - 35%] Gây cho một quân địch công kích mưu lược (tỉ lệ sát thương 113%→226%, chịu ảnh hưởng của trí lực) và trạng thái chấn động (không thể hành động) và có 40% xác suất khiến sát thương mưu lược mà mục tiêu phải chịu tăng 6%→12% (chịu ảnh hưởng của trí lực), duy trì 1 hiệp",Túi Gấm Diệu Kế
Ma Zhong,Mã Trung,Unrestrained,Thể Hiện Tài Năng,"[Chủ động - 35%] Chuẩn bị 1 hiệp, thực hiện 1 lần tấn công Binh Đao vào nhóm địch (2 người) (tỉ lệ sát thương 130%→260%); và có 30%→60% (bị Tốc độ ảnh hưởng) bắt giữ 1 Võ Tướng phe địch (hiệu quả Bắt Giữ không thể bị tịnh hóa), khiến hắn không thể hành động và gây sát thương, cấm dùng Chiến Pháp Chỉ Huy/Bị Động, rơi vào trạng thái Cấm Trị Liệu và không thể được hảo hữu cùng phe chọn trúng, duy trì 2 hiệp. Có thể bắt giữ cùng lúc tối đa 1 Võ Tướng, nếu đã có Võ Tướng phe địch bị bắt khi đang dùng, thì sẽ đổi sang gây ra sát thương Binh Đạo cho hắn (tỉ lệ sát thương 130% →260%","[Chỉ huy] Khi tập thể quân ta (2-3 người) chuẩn bị phát động Chiến Pháp chuẩn bị, sẽ có 75% xác suất nhận được 7.5%→15%Hội Tâm và Kỳ Mưu, có thể dồn 2 lần, duy trì 2 hiệp",Ám Tiễn Nan Phòng
Man Chong,Mãn Sủng,Crusher of Armies,Phá Quân Uy Thắng,"[Chỉ huy] Mỗi hiệp có 50% tỉ lệ (chịu ảnh hưởng trí lực) khiến một quân ta (ưu tiên chọn phó tướng ngoài chính mình) cứu viện tất cả quân ta và nhận được trạng thái hoàn chỉnh (mỗi hiệp khôi phục một lần binh lực, tỉ lệ trị liệu 96%→192%, chịu ảnh hưởng trí lực) duy trì 1 hiệp, đồng thời trong 1 hiệp khiến họ khi chịu phải công kích phổ thông, có 27.5%→55% tỉ lệ (chịu trí lực ảnh hưởng) xóa trạng thái tăng ích của kẻ công kích","[Chủ động - 40%] Giảm của một quân địch 35→70 điểm thống soái (chịu ảnh hưởng võ lực), duy trì 2 hiệp, và gây cho mục tiêu sát thương binh đao (tỉ lệ sát thương 114%→228%)",Trấn Ách Phòng Cụ
Wang Shuang,Vương Song,Crusher of Armies,Phá Quân Uy Thắng,"[Chủ động - 35%] Phát động 2 lần công kích binh đao cho một quân địch (tỉ lệ sát thương 89%→178%), lần lượt lần đầu gây ra cho mục tiêu sát thương binh đao phải chịu tăng từ 15%→30% (chịu ảnh hưởng võ lực) và trạng thái Kế tận (không thể phát động chiến pháp chủ động), duy trì 1 hiệp, mỗi lần chọn mục tiêu độc lập.","[Chủ động - 40%] Giảm của một quân địch 35→70 điểm thống soái (chịu ảnh hưởng võ lực), duy trì 2 hiệp, và gây cho mục tiêu sát thương binh đao (tỉ lệ sát thương 114%→228%)",Bốn Bề Rung Động
SP Zhu Jun,SP Chu Tuấn,Aggrandize,Mau Giành Lợi Thế,"[Chỉ huy] Trong chiến đấu, khi quần thể quân địch (2 người) ở trạng thái chạy loạn hoặc đào phản để áp chế quân địch, gây cho quân địch sát thương mưu lược giảm 19.5%→39% (chịu ảnh hưởng của thống soái, sau khi kích hoạt mỗi hiệp giảm dần 1/3), chiến đấu hiệp thứ 2, khiến toàn thể quân địch rơi vào trạng thái đào phản (tỉ lệ sát thương 60%→120%, chịu ảnh hưởng của một mục cao nhất giữa võ lực và trí lực, bỏ qua phòng ngự), duy trì 2 hiệp; khi chính mình là chủ tướng, điểm độ giảm sát thương mưu lược tăng đến 22.5%→45%","[Đột kích - 35%] Sau khi công kích phổ thông, phát động 1 lần công kích binh đao cho mục tiêu (tỷ lệ sát thương 92.5%→185%); và Kế tận (không thể phát động chiến pháp chủ động) 1 hiệp",Vi Sư Tất Khuyết
Wang Yuan Ji,Vương Nguyên Cơ,Aggrandize,Mau Giành Lợi Thế,"[Chỉ huy] Trong chiến đấu, hiệp số lẻ có 35%→70% xác suất (chịu ảnh hưởng của trí lực) khiến sát thương binh đao mà võ tướng có võ lực cao nhất của quân ta gây ra tăng 10%→20% (chịu ảnh hưởng của trí lực, tiếp tục đến trước khi hắn hành động), nếu mục tiêu không ở trạng thái liên kích sẽ khiến hắn thử phát động một lần công kích phổ thông với đơn thể quân địch, nếu không sát thương mưu lược mà chính mình gây ra cho đơn thể quân địch (tỉ lệ sát thương 94%→188%, chịu ảnh hưởng của trí lực), hiệp số chẵn có 35%→70% xác suất (chịu ảnh hưởng của trí lực) khôi phục binh lực của một nhóm quân ta (2 người) (tỉ lệ trị liệu 43%–86%, chịu ảnh hưởng của trí lực)","[Đột kích - 35%] Sau khi công kích phổ thông, phát động 1 lần công kích binh đao cho mục tiêu (tỷ lệ sát thương 92.5%→185%); và Kế tận (không thể phát động chiến pháp chủ động) 1 hiệp",Vạn Vật Giao Điểm
Dong Bai,Đổng Bạch,Curative Taunt,Ích Kì Kim Cổ,"[Chỉ huy] Trong chiến đấu, khi bản thân sắp nhận phải tấn công thường, có 50% xác suất khiến một võ tướng cùng phe có Võ Lực cao nhất nhận hiệu ứng Phản kích (Võ Lực ảnh hưởng) (tỷ lệ sát thương 50%→100%) và trạng thái Cấp cứu, khi nhận sát thương có 15%→30% xác suất hồi phục Binh lực (tỷ lệ trị liệu 50%→100%, Võ Lực ảnh hưởng), duy trì 1 hiệp, sau đó khiến mục tiêu gánh chịu đòn tấn công thường này thay cho bản thân","[Chủ động - 40%] Chế giễu toàn thể quân địch, khi bản thân sắp nhận phải tấn công thường, sẽ trị liệu 1 quân ta ngẫu nhiên (tỷ lệ trị liệu 30%→60%, bị Võ Lực hoặc Trí Lực bên nào cao hơn thì sẽ ảnh hưởng), duy trì 1 hiệp",Văn Tụ Ảnh Tòng
SP Lu Meng,SP Lữ Mông,Curative Taunt,Ích Kì Kim Cổ,"[Bị động] Trong khi chiến đấu, mỗi hiệp có 25%→50% xác suất Tịnh Hóa bản thân, khi bản thân gây ra sát thương sẽ có 17.5%→35% xác suất khiến 1 quân địch ngẫu nhiên rơi vào trạng thái Kế Tận hoặc Chấn Động, duy trì 1 hiệp, mỗi hiệp tối đa kích hoạt 1 lần, khi nhận phải sát thương, có 30%→60% xác suất gây ra sát thương loại tương ứng cho 1 quân địch (tỷ lệ sát thương 25%→50%, bị thuộc tính tương ứng ảnh hưởng); khi bản thân là Tướng Chính, xác suất kích hoạt Tịnh Hóa tăng 5%→10%","[Chủ động - 40%] Chế giễu toàn thể quân địch, khi bản thân sắp nhận phải tấn công thường, sẽ trị liệu 1 quân ta ngẫu nhiên (tỷ lệ trị liệu 30%→60%, bị Võ Lực hoặc Trí Lực bên nào cao hơn thì sẽ ảnh hưởng), duy trì 1 hiệp",Nghịch Giang Diêu Lỗ
Xu You,Hứa Du,Decision-making,Kế Hoạch Quyết Đoán,"[Chỉ huy] Khi chiến đấu, phát hiện 15 sơ hở của quân địch, sơ hở sẽ phân bổ cho toàn quân địch, khi quân địch mục tiêu bị tấn công thường thì sẽ kích hoạt 1 sở hở, khiến mục tiêu này giảm 1.5%→3% Võ Lực, Trí Lực, Thống Soái, Tốc Độ (bị Trí Lực ảnh hưởng), có thể cộng dồn; Khi tất cả sơ hở của một mục tiêu đều bị kích hoạt, sẽ khiến hắn rơi vào trang thái Suy Nhược trong 1 hiệp, và sát thương phải chịu tăng 7.5%→15% (bị Trí Lực ảnh hưởng), duy trì 2 hiệp; Sau khi tất cả sơ hở trong trận được kích hoạt, Võ Lực, Trí Lực, Thống Soái, Tốc Độ của nhóm quân địch (2 người) sẽ giảm 10%→20% (bị Trí Lực ảnh hưởng)","[Chủ động - 40%] Khiến 1 cá thể có binh lực cao nhất quân địch chế giễu toàn quân ta, và khiến sát thương kẻ đó phải chịu tăng 20%, duy trì 1 hiệp (Xác suất phát động 20%→40%)",Ngạo Nghễ Vương Hầu
Guan Xing,Quan Hưng,Rush to the Fore,Nhanh Chân Tranh Đất,"[Chủ động - 40%] Chuẩn bị 1 hiệp, chính mình và một quân đồng minh nhận được 30% làm phản, duy trì 2 hiệp, và gây ra cho quân địch sát thương binh đao (tỉ lệ sát thương 300%, do toàn bộ võ tướng của quân địch phân số bằng nhau, tỉ lệ tổng sát thương của mỗi 1 danh tướng của quân địch tăng cao 120%) và trạng thái cướp trận: khi chồng lên hai lần trạng thái cướp trận, xóa trạng thái cướp trận và khiến sát thương binh đao mà mục tiêu phải chịu tăng 30%, có thể chồng lên; nếu cùng xuất chiến với Trương Bào, thì một quân đồng minh chắc chắn sẽ chọn Trương Bào","[Bị động] Tăng cao 10%→20% sát thương chiến pháp chủ động tự mang, trước khi thành công phát động chiến pháp tự mang, 50% xác suất gây cho quần thể quân địch (2-3 người) sát thương binh đao (tỉ lệ sát thương 60%→120%)",Xuất Đao Như Sấm
Zhang Bau,Trương Bào,Rush to the Fore,Nhanh Chân Tranh Đất,"[Chủ động - 35%] Khiến chính mình và một quân đồng minh nhận được 2 lần chống đỡ, duy trì 1 hiệp, và khiến chính mình sau khi phát động công kích phổ thông trong hiệp, gây sát thương binh đao cho mục tiêu (tỉ lệ sát thương 120%→240%) và trạng thái cướp trận: khi trạng thái cướp trận chồng lên hai lần, xóa trạng thái cướp trận và tăng cho chính mình 20→40 điểm võ lực, có thể chồng lên; nếu cùng xuất chiến với Quan Hưng sẽ khiến một quân đồng minh chắc chắn chọn Quan Hưng","[Bị động] Tăng cao 10%→20% sát thương chiến pháp chủ động tự mang, trước khi thành công phát động chiến pháp tự mang, 50% xác suất gây cho quần thể quân địch (2-3 người) sát thương binh đao (tỉ lệ sát thương 60%→120%)",Thương Vũ Như Phong
SP Xun Yu,SP Tuân Úc,Exploit,Dốc Sức Tính Kế,"[Chỉ huy] Hiệp chuẩn bị giúp toàn thể quân ta (2-3 người) nhận 2 lần Cảnh Giác, sau đó mỗi hiệp có 21%→42% xác suất (chịu ảnh hưởng của Trí Lực) khiến toàn thể quân ta (2-3 người) nhận 1 lần Cảnh Giác (duy trì 3 hiệp, có thể nhận lại 4 lần) Khi sát thương chịu phải vượt quá 6% Binh Lực lớn nhất mà bản thân có thể mang (ít nhất 100 lính), khiến sát thương đợt này giảm 20%→40% (chịu ảnh hưởng Trí Lực) và tiêu hao 1 lần Cảnh Giác; Khi bản thân là Chủ Tướng, 2 hiệp đầu, sẽ giúp toàn thể quân ta khi chịu Giao Binh Khí, Kế Tận, Hỗn Loạn, Chấn Động, có 37.5%→75% xác suất đồng thời triển khai cho cá thể quân địch, mỗi hiệp mỗi người nhiều nhất có hiệu lực 1 lần.","[Chủ động - 30%→55%] Khiến 1 quân địch có Trí Lực cao nhất giảm Trí Lực 20%, và có 70% xác suất khiến xác suất phát động Chiến Pháp chủ động không phải tự mang theo của bản thân trong hiệp này tăng 100%, duy trì 1 hiệp (Xác suất phát động 30%→55%)",Cơ Giám Tiên Thức
Zhang Rang,Trương Nhượng,Exploit,Dốc Sức Tính Kế,"[Chỉ huy] Khi Tướng Chính phe ta khôi phục Binh Lực và bản thân không phải là Tướng Chính, giảm 10%→20% lượng Trị Liệu, bản thân sẽ hồi phục lượng trị liệu thấp nhất, hiệp lẻ sẽ gây ra sát thương mưu lược cho 1 nhóm quân địch (2 người) (tỷ lệ sát thương 45%→90%bị Trí Lực ảnh hưởng, gây thêm sát thương mưu lược cho đơn vị có Trí Lực thấp hơn của bản thân (tỷ lệ sát thương 60%→120%, bị Trí Lực ảnh hưởng)","[Chủ động - 30%→55%] Khiến 1 quân địch có Trí Lực cao nhất giảm Trí Lực 20%, và có 70% xác suất khiến xác suất phát động Chiến Pháp chủ động không phải tự mang theo của bản thân trong hiệp này tăng 100%, duy trì 1 hiệp (Xác suất phát động 30%→55%)",Lợi Dụng Lòng Tin
SP Guo Jia,SP Quách Gia,Pre-Planning,Tiên Thành Kỳ Lự,"[Chỉ huy] Trong khi chiến đấu, khi toàn thể quân ta phát động Chiến Pháp chủ động và đột kích, tự thân có 35%−70% xác suất (chịu ảnh hướng trí lực) sẽ phát động tấn công Mưu Lược đến cả thể quân địch (tỷ lệ sát thương 50%—100%, chịu ảnh hưởng trí lực), nếu do tự thân kích hoạt, sẽ có thêm 50% xác suất khiến toàn thể quân ta (2 người) nhận 5%→10% Công Tâm (khi tạo thành sát thương Mưu Lược, khôi phục binh lực nhất định dựa trên sát thương của bản thân), duy trì 2 hiệp, có thể cộng dồn 3 lần giá trị Công Tâm; khi bản thân là Chủ Tướng, hiệu quả Công Tâm tăng 10% →20%","[Đột kích - 50%] Sau khi tấn công thường, sẽ gây thêm cho mục tiêu tấn công 1 lần tấn công Mưu Lược (tỉ lệ sát thương 72.5%→145%, bị Trí Lực ảnh hưởng), đồng thời giúp xác suất dùng Chiến Pháp Chủ Động của bản thân tăng 7.5%→15%, duy trì 1 hiệp",Dọc Ngang Trời Đất
Zou,Trâu Thị,Pre-Planning,Tiên Thành Kỳ Lự,"[Chủ động - 45%] Lấy trộm của 1 Võ Tướng nam của quân địch 17.5→35 điểm Trí Lực và Võ Lực sang cho bản thân và 1 cá thể quân bạn (bị Mị Lực ảnh hưởng), duy trì 2 hiệp, có thể cộng dồn 2 lần","[Đột kích - 50%] Sau khi tấn công thường, sẽ gây thêm cho mục tiêu tấn công 1 lần tấn công Mưu Lược (tỉ lệ sát thương 72.5%→145%, bị Trí Lực ảnh hưởng), đồng thời giúp xác suất dùng Chiến Pháp Chủ Động của bản thân tăng 7.5%→15%, duy trì 1 hiệp",Nhìn Lại Xinh Tươi
King Duosi,Đoá Tư Đại Vương,Winning Strategy,Thời Cơ Chiến Thắng,"[Chủ động - 60%] Thi triển Kịch Độc cho cá thể quân địch (80% xác suất chọn võ tướng quân địch có Thống Soái cao nhất), sau 2 hiệp sẽ biến mất, quân địch có Kịch Độc mỗi lần chịu tấn công thường sẽ cộng dồn 1 tầng Kịch Độc, tối đa cộng dồn 3 tầng, khi số tầng đạt tối đa sẽ lập tức biến mất và xóa mọi thời gian CD Chiến Pháp của bản thân, khi Kịch Độc biến mất sẽ gây sát thương mưu lược cho toàn thể quân địch (tỷ lệ sát thương 75%→150%, mỗi 1 tầng Kịch Độc tỷ lệ sát thương tăng 20%→40%, chịu ảnh hưởng Trí Lực), Man tộc phe ta gây ra sát thương không phải đánh thường cũng sẽ tăng số tầng Kịch Độc, sau khi phát động Chiến Pháp sẽ vào CD 1 hiệp","[Chủ động - 55%] Thi triển trạng thái Trúng Độc cho tập thể quân địch (2 người), mỗi hiệp duy trì gây ra sát thương (tỷ lệ sát thương 60%, chịu ảnh hưởng Trí Lực), duy trì 2 hiệp, nếu quân địch đã có trạng thái Trúng Độc, sẽ ngẫu nhiên nhận được 1 trong các trạng thái Đốt Cháy (chịu ảnh hưởng Trí Lực), Đào Phản (Chịu ảnh hưởng từ thuộc tính cao hơn giữa Võ Lực hoặc Trí Lực, bỏ qua phòng ngự), Bão Cát (chịu ảnh hưởng Trí Lực), mỗi hiệp duy trì gây ra sát thương (tỷ lệ sát thương 60%), duy trì 2 hiệp, sau khi phát động Chiến Pháp này sẽ vào CD 1 hiệp",Độc Tuyền Cự Thục
Yi Ji,Y Tịch,Winning Strategy,Thời Cơ Chiến Thắng,"[Bị động] Sát thương Đốt Cháy, Thủy Công, Trúng Độc, Bỏ Chạy, Bão Cát, Đào Phản do bản thân gây ra tăng 45%→90%, Nghỉ Ngơi và Cấp Cứu tăng 15%→30% lượng hồi phục","[Chủ động - 55%] Thi triển trạng thái Trúng Độc cho tập thể quân địch (2 người), mỗi hiệp duy trì gây ra sát thương (tỷ lệ sát thương 60%, chịu ảnh hưởng Trí Lực), duy trì 2 hiệp, nếu quân địch đã có trạng thái Trúng Độc, sẽ ngẫu nhiên nhận được 1 trong các trạng thái Đốt Cháy (chịu ảnh hưởng Trí Lực), Đào Phản (Chịu ảnh hưởng từ thuộc tính cao hơn giữa Võ Lực hoặc Trí Lực, bỏ qua phòng ngự), Bão Cát (chịu ảnh hưởng Trí Lực), mỗi hiệp duy trì gây ra sát thương (tỷ lệ sát thương 60%), duy trì 2 hiệp, sau khi phát động Chiến Pháp này sẽ vào CD 1 hiệp",Tài Biện Cơ Tiệp
SP Liu Ye,SP Lưu Diệp,Authoritative Power,Nhân Lợi Chế Quyền,"[Bị động] Lấy trộm Võ Tướng có Trí Lực cao nhất phe địch 12→24 điểm Trí Lực (chịu ảnh hưởng Trí Lực); Đồng thời trước mỗi lần bản thân thử phát động Chiến Pháp chủ động, khôi phục cá thể quân ta binh lực nhất định (tỉ lệ trị liệu 32%→64%, chịu Trí Lực ảnh hưởng)","[Chủ động - 25%→45%] Khiến quần thể quân ta (2-3 người) nhận 12.5%→25% Né Tránh (chịu ảnh hưởng Tốc Độ), duy trì 1 hiệp, sau khi phát động Chiến Pháp này sẽ vào 1 hiệp đếm ngược (Xác suất phát động 25%→45%)",Kế Định Mưu Quyết
Zhuge Ke,Gia Cát Khác,Authoritative Power,Nhân Lợi Chế Quyền,"[Chỉ huy] Trong chiến đấu, mỗi khi quân ta tiêu hao Chống Đỡ, khiến cá thể quân ta hồi phục binh lực nhất định (tỉ lệ trị liệu 47%→94%, chịu Trí Lực ảnh hưởng), khi kết thúc thời gian duy trì Chống Đỡ nhưng chưa tiêu hao, sẽ khiến Võ Tướng có Võ Lực cao nhất quân ta phát động một lần sát thương binh đao với Võ Tướng ngẫu nhiên của quân địch (tỉ lệ sát thương 47%→94%); Trong 3 hiệp đầu, mỗi hiệp có 30%→60% xác suất (chịu Trí lực ảnh hưởng, khi bản thân là Tướng Chính, tỉ lệ cơ bản tăng đến 35%→70%) khiến quần thể quân ta (2-3 người) nhận 1 lần Chống Đỡ, duy trì 1 hiệp","[Chủ động - 25%→45%] Khiến quần thể quân ta (2-3 người) nhận 12.5%→25% Né Tránh (chịu ảnh hưởng Tốc Độ), duy trì 1 hiệp, sau khi phát động Chiến Pháp này sẽ vào 1 hiệp đếm ngược (Xác suất phát động 25%→45%)",Huy Binh Mưu Thắng
Qu Yi,Khúc Nghĩa,Fearless Deathguard,Tử Sĩ Tiên Phong,"[Binh chủng - Cung] Khi Lính Cung tiến cấp thành Tử Sĩ Tiên Phong không sợ chết: Trong chiến đấu, toàn thể quân ta miễn dịch trạng thái Bị Tập Kích, và khi chịu sát thương, có 20%→40% xác suất (chịu ảnh hưởng Thống Soái của người mang) kích hoạt nên hiệu quả sau: Nếu tỷ lệ binh lực thấp hơn kẻ tấn công thì sẽ cướp 10.5→21 Điểm Thống Soái, nếu không sẽ giảm 1.5%→3% tỷ lệ phát động Chiến Pháp Chủ Động, duy trì 2 hiệp, có thể cộng dồn 4 lần; Nếu Khúc Nghĩa thống lĩnh, sẽ cộng dồn 5 lần","[Binh chủng - Cung] Khi Lính Cung tiến cấp thành Tử Sĩ Tiên Phong không sợ chết: Trong chiến đấu, toàn thể quân ta miễn dịch trạng thái Bị Tập Kích, và khi chịu sát thương, có 20%→40% xác suất (chịu ảnh hưởng Thống Soái của người mang) kích hoạt nên hiệu quả sau: Nếu tỷ lệ binh lực thấp hơn kẻ tấn công thì sẽ cướp 10.5→21 Điểm Thống Soái, nếu không sẽ giảm 1.5%→3% tỷ lệ phát động Chiến Pháp Chủ Động, duy trì 2 hiệp, có thể cộng dồn 4 lần; Nếu Khúc Nghĩa thống lĩnh, sẽ cộng dồn 5 lần",Tử Sĩ Tiên Phong
SP Guan Yu,SP Quan Vũ,Loyal and Brave,Trung Dũng Nghĩa Liệt,"[Chủ động - 50%] Kích hoạt trạng thái Băng Công với nhóm địch (2 người) (tỉ lệ sát thương 48%→96%, bị Võ lực ảnh hưởng; Khi bản thân là Tướng Chính, tỉ lệ sát thương tăng đến 54%→108%), duy trì 2 hiệp; Trước khi dùng lần thứ hai trở đi, sẽ khiến sát thương Binh Đao phải chịu của nhóm địch (2-3 người) tăng 10%→20% (bị Võ lực ảnh hưởng), duy trì 1 hiệp; Khi dùng lần thứ ba trở đi, có 40% (bị Võ lực ảnh hưởng) tổng kết ngay trạng thái Thủy Công của toàn quân địch (không xóa trạng thái); Khi dùng lần thứ tư trở đi, sẽ gây ra sát thương Binh Đạo cho kẻ địch có trạng thái Băng Công (tỉ lệ sát thương 104%→208%)","[Bị động] Trong chiến đấu, bản thân mỗi hiệp có 30%→60% tỷ lệ nhận hiệu quả sau: Tỷ lệ phát động chiếp pháp chủ động tăng 3%—6% (chịu ảnh hưởng Võ Lực); Võ Lực, Thống Soái, Trí Lực tăng 22.5→45; 14%→28% Làm Phản, duy trì 1 hiệp, mỗi loại hiệu quả sẽ được tính riêng",Nước ngập thất quân
SP Pang De,SP Bàng Đức,Loyal and Brave,Trung Dũng Nghĩa Liệt,"[Bị động] Trong trận đấu, giúp bản thân miễn dịch Hỗn Loạn; Khi bản thân chịu sát thương, có 80% nhận được 1 tầng hiệu quả Tích Uy, có thể cộng dồn 20 tầng; Sau khi tấn công thường, có 50% (bị Võ lực ảnh hưởng) dùng 1 tầng Tích Uy gây cho 1 Võ Tướng một lần sát thương Binh Đao (tỉ lệ sát thương 65%—130%), sau khi kích hoạt thì sẽ phán đoán lại, xác suất sau mỗi lần kích hoạt sẽ giảm 8%, sau mỗi lần tấn công thường sẽ kích hoạt tối đa 5 lần","[Bị động] Trong chiến đấu, bản thân mỗi hiệp có 30%→60% tỷ lệ nhận hiệu quả sau: Tỷ lệ phát động chiếp pháp chủ động tăng 3%—6% (chịu ảnh hưởng Võ Lực); Võ Lực, Thống Soái, Trí Lực tăng 22.5→45; 14%→28% Làm Phản, duy trì 1 hiệp, mỗi loại hiệu quả sẽ được tính riêng",Tử Chiến Không lui
Guo Tu,Quách Đồ,Advice,Tiến Ngôn,,,Tiến Ngôn
Kong Rong,Khổng Dung,Ally Guard,Khiêm Nhường,,,Khiêm Nhường
Zhang Liang,Trương Lương,Annihilate,Nhất Cử Tiêm Diệt,,,Nhất Cử Tiêm Diệt
Zhang Yan,Trương Yến,Assail,Khinh Dũng Phi Yến,,,Khinh Dũng Phi Yến
Bu Lianshi,Bộ Luyện Sư,Backstab,Xuất Kỳ Bất Ý,,,Cẩn Thận Tỉ Mỉ
Guo Huai,Quách Hoài,Barrier,Ngự Địch Bình Chướng,,,Ngự Địch Bình Chướng
Wang Lang,Vương Lãng,Battle of Words,Thần Thương Thiệt Chiến,,,Thần Thương Thiệt Chiến
Cao Zhang,Tào Chương,Break Morale,Toả Chí Nộ Tập,,,Toả Chí Nộ Tập
Ji Ling,Kỷ Linh,Brute Force,Cường Công,,,Uy Phong Lẫm Liệt
Jian Yong,Giản Ung,Brute Force,Cường Công,,,Diệu Thư Minh Thạch
Zhu Huan,Chu Hoàn,Cavalry Support,Thiên Lý Trì Viện,,,Thiên Lý Trì Viện
Ding Feng,Đinh Phụng,Close Combat,Đoản Binh Tương Kiến,,,Đoản Binh Tương Kiến
Lu Fan,Lữ Phạm,Combat Mastery,Dày Công Tôi Luyện,,,Minh Sát Thu Hào
Xu Sheng,Từ Thịnh,Combat Mastery,Dày Công Tôi Luyện,,,Nghi Thành
Wen Pin,Văn Sính,Cut,Thủ Khởi Đao Lạc,,,Thủ Khởi Đao Lạc
Zhang Xiu,Trương Tú,Decapitation Strike,Ám Triều Dũng Động,,,Ám Triều Dũng Động
Huangfu Song,Hoàng Phổ Tung,Delayed Strike,Hậu Phát Chế Nhân,,,Hậu Phát Chế Nhân
Ma Tie,Mã Thiết,Dispel,Xua Đuổi,,,Án Đồ Tắc Kí
Dong Yun,Đổng Doãn,Diversion,Dương Đông Kích Tây,,,Thủ Ma Thốn Thiết
Zhu Jun,Chu Tuấn,Diversion,Dương Đông Kích Tây,,,Trấn Áp Khăn Vàng
Sha Moke,Sa Ma Kha,Draw Bow,Loan Cung Ẩm Vũ,,,Loan Cung Ẩm Vũ
Li Dian,Lý Điển,Elder Wisdom,Trưởng Giả Chi Phong,,,Trưởng Giả Chi Phong
Yang Xiu,Dương Tu,Eloquence,Xuất Khẩu Thành Chương,,,Xuât Khẩu Thành Chương
Zhang Mancheng,Trương Mạn Thành,Emissary of God,Thần Thượng Sứ,,,Thần Thượng Sứ
Ma Su,Mã Tắc,Exceptional Mind,Tài Khí Quá Nhân,,,Tài Khí Quá Nhân
Zhang Ren,Trương Nhiệm,Falling Phoenix,Lạc Phượng,,,Lạc Phượng
Chen Lin,Trần Lâm,Falling Thunder,Lạc Lôi,,,Thành Quả To Lớn
Liao Hua,Liêu Hoá,False Surrender,Trá Hàng,,,Trá Hàng
Huang Quan,Hoàng Quyền,Grand Design,Mưu Lược Tung Hoành,,,Mưu Lược Tung Hoành
Han Sui,Hoàn Toại,Hidden Secrets,Ám Tàng Huyền Cơ,,,Ám Tàng Huyền Cơ
Zhang Lu,Trương Lỗ,Horse Breeder,Dưỡng Mã Hữu Đạo,,,Dưỡng Mã Hữu Đạo
Chen Wu,Trần Vũ,Lujiang Armor,Lư Giang Thượng Giáp,,,Lư Giang Thượng Giáp
Han Dang,Hàn Đương,Marching Fire,Tả Hữu Khai Cung,,,Tả Hữu Khai Cung
Cao Hong,Tào Hồng,Master of Arms,Kiêu Dũng Thiện Chiến,,,Kiêu Dũng Thiện Chiến
Shen Pei,Thẩm Phối,Mutual Support,Toạ Thủ Cô Thành,,,Toạ Thủ Cô Thành
Guan Ping,Quan Bình,Puncture,Phấn Đột,,,Phấn Đột
Li Yan,Lý Nghiêm,Purify,Tịnh Hoá,,,Chi Diệp Phủ Tô
Fei Yi,Phi Y,Quiet Down,Yến Kỳ Tức Cổ,,,Cao Chiêm Viễn Chúc
Liu Biao,Lưu Biểu,Quiet Down,Yến Kỳ Tức Cổ,,,Tranh Phân Đoạt Miểu
Li Jue,Lý Thôi,Raid and Pillage,Thả Lính Cướp Đoạt,,,Thả Lính Cướp Đoạt
Jiang Qin,Tưởng Khâm,Rain of Fire,Thiên Giáng Hoả Vũ,,,Thiên Giáng Hoả Vũ
Guan Hai,Quản Hợi,Reckless,Lỗ Mãng,,,Lỗ Mãng
Dong Xi,Đổng Tập,Regeneration,Tự Lành,,,Tự Lành
Gu Yong,Cố Ung,Rejuvenation,Khô Mộc Phùng Xuân,,,Khô Mộc Phùng Xuân
Lu Zhi,Lô Trực,Rich Harvest,Ngũ Cốc Phong Đăng,,,Ngũ Cốc Phong Đăng
Zhuge Jin,Gia Cát Cẩn,Rigorous Training,Dưỡng Bình Thiên Nhật,,,Dưỡng Bình Thiên Nhật
Zhang Bao,Trương Bảo,Sand Shield,Yêu Thuật,,,Yêu Thuật
Feng Ji,Phùng Kỷ,Sandstorm Ravage,Phong Thanh Hạc Lệ,,,Phúc Bối Thụ Địch
Zhong Yao,Chung Do,Sandstorm Ravage,Phong Thanh Hạc Lệ,,,Ngoan Thiết Sinh Huy
Mi Zhu,My Trúc,Sieze the Chance,Tuỳ Cơ Ứng Biến,,,Tuỳ Cơ Ứng Biến
Cao Zhen,Tào Chân,Slaughter,Đồ Kỷ Thượng Nhục,,,Đồ Kỷ Thượng Nhục
Hu Che'er,Hồ Xa Nhi,Superb Physique,Kiêu Kiện Thần Hành,,,Kiêu Kiện Thần Hành
Pan Zhang,Phan Chương,True to Duty,Bất Nhục Sứ Mệnh,,,Bất Nhục Sứ Mệnh
Guo Si,Quách Dĩ,Tyranny,Bạo Liễm Tứ Phương,,,Bạo Liễm Tứ Phương
Liu Ye,Lưu Diệp,Uncanny Foresight,Liệu Sự Như Thần,,,Liệu Sự Như Thần
Zhou Cang,Chu Thương,Unwavering Will,Thi Chí Bất Di,,,Thi Chí Bất Di
Zang Ba,Tang Bá,Weakest Link,Tị Thực Kích Hư,,,Tị Thực Kích Hư
Ma Liang,Mã Lương,White Brow,Bạch Mi,,,Bạch Mi
Liu Feng,Lưu Phong,Withering,Kỵ Hổ Nan Dạ,,,Kỵ Hổ Nan Dạ
Ding Yuan,Đinh Nguyên,Bash,Mãnh Kích,,,Mãnh Kích
Bian Xi,Biện Hỷ,Conquer,Áp Chế,,,Áp Chế
Quan Cong,Toàn Tông,Excite,Hăng Hái,,,Hăng Hái
Kan Ze,Hám Trạch,Fire,Đốt Lửa,,,Đốt Lửa
Sun Qian,Tôn Càn,Fire Attack,Hoả Công,,,Hoả Công
Cao Xiu,Tào Hưu,Hack,Vung Chém,,,Vung Chém
Che Zhou,Xa Trụ,Impact,Trọng Kích,,,Trọng Kích
Sun Hao,Tôn Hạo,Implicate,Liên Luỵ,,,Liên Luỵ
Fu Ren,Phó Sỹ Nhân,Protect,Hộ Vệ,,,Hộ Vệ
Xiahou En,Hạ Hầu Ân,Provoke,Khiêu Khích,,,Khiêu Khích
Pan Feng,Phan Phụng,Pursuit,Vô Song Thượng Tướng,,,Vô Song Thượng Tướng
Yu Fan,Ngu Phiên,Rear Guard,Chốt Đuôi,,,Chốt Đuôi
Xiang Chong,Hướng Sủng,Repose,Tâm Sự,,,Tâm Sự
Tao Qian,Đào Khiêm,Salvage,Cứu Trợ,,,Cứu Trợ
Wu Yi,Ngô Ý,Stab,Đâm Thương,,,Đâm Thương
Song Xian,Tống Hiến,Stampede,Giẫm Đạp,,,Giẫm Đạp
He Jin,Hà Tiến,Strike Back,Phản Kích,,,Phản Kích
Lu Qian,Lữ Kiền,Sunder Armor,Phá Giáp,,,Phá Giáp
Zhu Ran,Chu Nhiên,Toxic Gas,Khí Độc,,,Khí Độc
Mi Fang,My Phương,Undeceived,Phát Hiện,,,Phát Hiện
Soldier,Quân Sĩ,NULL,Dũng Võ,,,Dũng Võ
